1,quisque erat eros viverra eget congue eget semper,2020-03-19 00:00:00,689
2,vel nulla eget eros elementum pellentesque quisque porta volutpat erat,2019-12-10 00:00:00,446
3,magna vulputate luctus cum sociis natoque penatibus et magnis dis,2019-08-19 00:00:00,752
4,dictumst morbi vestibulum velit id pretium iaculis diam erat,2019-06-30 00:00:00,19
5,dapibus at diam nam tristique,2020-01-12 00:00:00,325
6,ultrices enim lorem ipsum dolor sit amet consectetuer adipiscing elit,2019-09-26 00:00:00,79
7,augue vel accumsan tellus nisi,2020-01-28 00:00:00,693
8,felis sed lacus morbi sem mauris laoreet,2019-07-20 00:00:00,519
9,faucibus accumsan odio curabitur convallis duis,2019-10-29 00:00:00,614
10,sed lacus morbi sem mauris laoreet ut rhoncus aliquet pulvinar,2020-03-10 00:00:00,664
11,ultrices posuere cubilia curae nulla dapibus dolor vel est,2020-04-03 00:00:00,139
12,consequat nulla nisl nunc nisl duis bibendum felis,2019-09-15 00:00:00,870
13,eget nunc donec quis orci eget orci,2019-06-08 00:00:00,395
14,feugiat non pretium quis lectus suspendisse potenti,2020-04-10 00:00:00,568
15,turpis enim blandit mi in,2019-09-08 00:00:00,779
16,sit amet sem fusce consequat,2020-04-14 00:00:00,95
17,fusce lacus purus aliquet at feugiat non pretium,2019-05-21 00:00:00,85
18,sit amet justo morbi ut odio,2019-11-20 00:00:00,705
19,molestie hendrerit at vulputate vitae nisl aenean lectus pellentesque,2019-11-14 00:00:00,890
20,consequat morbi a ipsum integer a nibh,2019-12-22 00:00:00,534
21,hac habitasse platea dictumst morbi vestibulum,2019-12-27 00:00:00,82
22,neque duis bibendum morbi non quam,2020-04-02 00:00:00,321
23,elit proin interdum mauris non ligula pellentesque,2020-04-12 00:00:00,908
24,sit amet sapien dignissim vestibulum vestibulum ante ipsum primis,2019-10-29 00:00:00,477
25,amet sem fusce consequat nulla nisl nunc nisl duis,2020-01-12 00:00:00,701
26,a nibh in quis justo maecenas rhoncus aliquam lacus,2020-03-11 00:00:00,245
27,at feugiat non pretium quis lectus suspendisse potenti in eleifend,2019-11-13 00:00:00,520
28,in lacus curabitur at ipsum,2020-04-03 00:00:00,564
29,magna bibendum imperdiet nullam orci,2019-11-01 00:00:00,353
30,enim blandit mi in porttitor pede justo eu massa donec,2019-07-07 00:00:00,573
31,justo nec condimentum neque sapien placerat,2020-04-28 00:00:00,819
32,neque libero convallis eget eleifend luctus ultricies eu nibh quisque,2019-11-03 00:00:00,496
33,dui proin leo odio porttitor id consequat,2019-08-01 00:00:00,530
34,porta volutpat quam pede lobortis ligula sit,2019-11-13 00:00:00,184
35,pellentesque at nulla suspendisse potenti cras,2019-12-24 00:00:00,545
36,in congue etiam justo etiam pretium,2020-03-26 00:00:00,276
37,at dolor quis odio consequat varius,2019-05-09 00:00:00,870
38,vestibulum rutrum rutrum neque aenean auctor gravida sem praesent id,2020-04-19 00:00:00,370
39,nibh in quis justo maecenas rhoncus aliquam lacus morbi quis,2019-08-02 00:00:00,488
40,id consequat in consequat ut nulla sed accumsan felis,2019-08-12 00:00:00,205
41,eget nunc donec quis orci eget orci,2019-09-03 00:00:00,396
42,quisque arcu libero rutrum ac lobortis vel,2019-11-18 00:00:00,936
43,et commodo vulputate justo in blandit ultrices enim lorem,2019-09-21 00:00:00,855
44,posuere cubilia curae nulla dapibus dolor vel est,2019-06-05 00:00:00,129
45,turpis integer aliquet massa id lobortis convallis tortor risus,2019-12-07 00:00:00,343
46,neque aenean auctor gravida sem praesent id,2019-08-30 00:00:00,422
47,ut erat id mauris vulputate elementum,2019-11-25 00:00:00,53
48,orci pede venenatis non sodales sed tincidunt eu felis fusce,2020-01-03 00:00:00,943
49,pulvinar nulla pede ullamcorper augue a suscipit,2019-09-22 00:00:00,888
50,proin interdum mauris non ligula pellentesque ultrices phasellus id,2019-09-10 00:00:00,773
51,augue quam sollicitudin vitae consectetuer eget rutrum at,2019-07-25 00:00:00,776
52,nonummy integer non velit donec diam neque,2019-11-06 00:00:00,180
53,in consequat ut nulla sed accumsan felis ut at,2020-03-03 00:00:00,965
54,justo sollicitudin ut suscipit a feugiat,2020-03-27 00:00:00,932
55,interdum venenatis turpis enim blandit mi,2020-02-09 00:00:00,246
56,leo rhoncus sed vestibulum sit amet cursus id,2019-12-30 00:00:00,717
57,porttitor id consequat in consequat ut nulla sed accumsan felis,2019-11-15 00:00:00,310
58,nec euismod scelerisque quam turpis,2019-06-30 00:00:00,586
59,sollicitudin vitae consectetuer eget rutrum at lorem integer tincidunt,2020-03-20 00:00:00,391
60,id ligula suspendisse ornare consequat lectus in est,2019-07-25 00:00:00,995
61,non sodales sed tincidunt eu felis fusce posuere felis,2019-10-15 00:00:00,634
62,ut ultrices vel augue vestibulum ante,2019-12-06 00:00:00,652
63,nunc purus phasellus in felis donec semper sapien a libero,2019-11-02 00:00:00,264
64,eleifend pede libero quis orci nullam molestie nibh,2019-12-30 00:00:00,280
65,massa tempor convallis nulla neque libero convallis,2020-05-02 00:00:00,633
66,interdum venenatis turpis enim blandit mi,2019-08-18 00:00:00,533
67,eget tincidunt eget tempus vel pede morbi porttitor lorem id,2020-03-21 00:00:00,397
68,metus arcu adipiscing molestie hendrerit at vulputate vitae,2019-08-04 00:00:00,979
69,ut at dolor quis odio consequat varius integer,2019-09-09 00:00:00,887
70,platea dictumst maecenas ut massa quis augue luctus,2019-08-22 00:00:00,242
71,curae nulla dapibus dolor vel est donec odio justo sollicitudin,2019-11-01 00:00:00,181
72,arcu libero rutrum ac lobortis vel dapibus at,2020-01-06 00:00:00,634
73,proin eu mi nulla ac enim in tempor turpis,2020-01-29 00:00:00,139
74,at lorem integer tincidunt ante vel ipsum praesent blandit,2019-07-18 00:00:00,990
75,molestie lorem quisque ut erat curabitur gravida nisi at,2020-02-23 00:00:00,191
76,mi nulla ac enim in tempor turpis,2019-08-05 00:00:00,109
77,donec ut mauris eget massa tempor,2019-06-07 00:00:00,798
78,in faucibus orci luctus et ultrices posuere cubilia,2019-09-01 00:00:00,743
79,dolor sit amet consectetuer adipiscing elit proin risus praesent,2019-06-24 00:00:00,686
80,magnis dis parturient montes nascetur,2019-12-01 00:00:00,857
81,nibh in quis justo maecenas rhoncus,2019-09-22 00:00:00,757
82,odio justo sollicitudin ut suscipit,2019-09-18 00:00:00,381
83,ipsum praesent blandit lacinia erat vestibulum sed magna,2019-09-19 00:00:00,896
84,nisl aenean lectus pellentesque eget nunc donec,2019-07-19 00:00:00,867
85,donec semper sapien a libero nam dui proin,2019-09-29 00:00:00,103
86,montes nascetur ridiculus mus vivamus vestibulum sagittis sapien,2020-03-04 00:00:00,721
87,consequat nulla nisl nunc nisl duis bibendum felis sed,2019-08-29 00:00:00,509
88,sed vestibulum sit amet cursus id turpis integer aliquet,2019-09-02 00:00:00,502
89,viverra diam vitae quam suspendisse,2020-03-08 00:00:00,503
90,lorem quisque ut erat curabitur gravida nisi at nibh,2019-07-16 00:00:00,447
91,rutrum at lorem integer tincidunt,2019-10-02 00:00:00,516
92,luctus cum sociis natoque penatibus,2019-08-03 00:00:00,150
93,in tempor turpis nec euismod scelerisque quam turpis,2019-09-09 00:00:00,762
94,felis ut at dolor quis odio,2019-11-11 00:00:00,863
95,eget vulputate ut ultrices vel,2019-05-19 00:00:00,585
96,curabitur at ipsum ac tellus,2020-02-04 00:00:00,720
97,iaculis justo in hac habitasse platea dictumst etiam faucibus,2020-03-28 00:00:00,459
98,vivamus tortor duis mattis egestas,2019-10-01 00:00:00,17
99,volutpat convallis morbi odio odio elementum eu interdum,2019-11-29 00:00:00,715
100,tortor id nulla ultrices aliquet maecenas leo odio condimentum id,2020-01-22 00:00:00,945
101,at nibh in hac habitasse platea dictumst aliquam augue,2019-12-11 00:00:00,233
102,leo rhoncus sed vestibulum sit amet cursus id,2020-01-09 00:00:00,202
103,sit amet cursus id turpis integer,2020-04-05 00:00:00,810
104,libero non mattis pulvinar nulla pede ullamcorper,2019-11-04 00:00:00,939
105,nec euismod scelerisque quam turpis,2020-04-15 00:00:00,2
106,est et tempus semper est quam pharetra magna,2019-06-24 00:00:00,6
107,hac habitasse platea dictumst aliquam augue quam sollicitudin vitae,2020-02-26 00:00:00,99
108,dapibus dolor vel est donec,2019-11-25 00:00:00,526
109,quam nec dui luctus rutrum nulla tellus,2020-01-22 00:00:00,410
110,sit amet consectetuer adipiscing elit proin risus,2019-12-26 00:00:00,109
111,sem fusce consequat nulla nisl nunc nisl duis bibendum felis,2020-02-02 00:00:00,475
112,aliquam erat volutpat in congue,2020-04-01 00:00:00,256
113,feugiat et eros vestibulum ac est lacinia nisi venenatis,2020-03-16 00:00:00,312
114,nulla sed accumsan felis ut at dolor quis,2020-03-18 00:00:00,942
115,donec posuere metus vitae ipsum,2019-11-21 00:00:00,223
116,eget vulputate ut ultrices vel augue,2020-01-15 00:00:00,129
117,libero quis orci nullam molestie nibh in lectus,2019-06-19 00:00:00,789
118,et ultrices posuere cubilia curae mauris,2019-10-07 00:00:00,51
119,nec dui luctus rutrum nulla tellus,2020-04-14 00:00:00,845
120,luctus nec molestie sed justo pellentesque viverra pede,2019-05-18 00:00:00,720
121,diam neque vestibulum eget vulputate ut ultrices vel augue vestibulum,2020-01-05 00:00:00,464
122,amet nunc viverra dapibus nulla suscipit,2019-06-09 00:00:00,365
123,lacus purus aliquet at feugiat non pretium quis,2019-12-27 00:00:00,419
124,est quam pharetra magna ac consequat metus sapien,2019-05-11 00:00:00,888
125,ipsum ac tellus semper interdum mauris ullamcorper purus,2019-12-19 00:00:00,461
126,mi pede malesuada in imperdiet et commodo vulputate justo in,2019-11-08 00:00:00,243
127,vel lectus in quam fringilla rhoncus mauris enim,2019-08-27 00:00:00,139
128,feugiat non pretium quis lectus,2019-07-29 00:00:00,198
129,sapien a libero nam dui proin leo odio porttitor,2019-09-26 00:00:00,258
130,in purus eu magna vulputate luctus cum,2020-03-02 00:00:00,945
131,magna ac consequat metus sapien,2019-06-03 00:00:00,903
132,adipiscing lorem vitae mattis nibh ligula nec,2020-01-23 00:00:00,902
133,at nulla suspendisse potenti cras in,2019-06-10 00:00:00,180
134,penatibus et magnis dis parturient montes nascetur ridiculus mus,2019-05-24 00:00:00,475
135,tellus semper interdum mauris ullamcorper purus sit,2019-08-04 00:00:00,82
136,eget elit sodales scelerisque mauris,2019-09-24 00:00:00,257
137,in faucibus orci luctus et,2019-08-27 00:00:00,481
138,faucibus orci luctus et ultrices posuere cubilia,2019-10-09 00:00:00,927
139,posuere metus vitae ipsum aliquam,2019-12-27 00:00:00,868
140,nunc donec quis orci eget orci vehicula condimentum curabitur in,2020-04-23 00:00:00,266
141,eget vulputate ut ultrices vel augue vestibulum ante,2019-10-29 00:00:00,243
142,sapien cum sociis natoque penatibus et magnis dis parturient montes,2019-06-19 00:00:00,345
143,justo sollicitudin ut suscipit a,2020-04-30 00:00:00,943
144,nec condimentum neque sapien placerat ante nulla justo aliquam quis,2020-04-14 00:00:00,270
145,etiam faucibus cursus urna ut tellus nulla ut erat,2020-03-20 00:00:00,408
146,velit id pretium iaculis diam erat,2019-11-30 00:00:00,98
147,justo pellentesque viverra pede ac diam cras pellentesque volutpat,2019-07-10 00:00:00,769
148,ullamcorper purus sit amet nulla quisque arcu libero rutrum ac,2019-11-08 00:00:00,670
149,dis parturient montes nascetur ridiculus,2020-02-02 00:00:00,255
150,faucibus orci luctus et ultrices posuere cubilia curae,2020-04-16 00:00:00,705
151,tortor id nulla ultrices aliquet,2019-06-08 00:00:00,236
152,dolor vel est donec odio justo,2019-07-19 00:00:00,820
153,in purus eu magna vulputate luctus cum sociis,2020-04-18 00:00:00,169
154,amet consectetuer adipiscing elit proin risus,2019-08-10 00:00:00,423
155,felis sed lacus morbi sem mauris laoreet ut rhoncus aliquet,2019-08-24 00:00:00,719
156,integer pede justo lacinia eget tincidunt eget tempus vel pede,2020-02-03 00:00:00,393
157,ac enim in tempor turpis nec euismod scelerisque quam turpis,2020-03-06 00:00:00,496
158,lobortis ligula sit amet eleifend pede,2020-02-28 00:00:00,550
159,facilisi cras non velit nec nisi vulputate nonummy,2019-10-02 00:00:00,790
160,eget elit sodales scelerisque mauris,2019-08-09 00:00:00,225
161,vestibulum velit id pretium iaculis diam,2020-03-14 00:00:00,233
162,ut blandit non interdum in,2019-06-24 00:00:00,735
163,ac lobortis vel dapibus at diam nam,2019-05-05 00:00:00,192
164,cubilia curae nulla dapibus dolor vel,2019-11-24 00:00:00,816
165,consequat ut nulla sed accumsan felis,2019-09-20 00:00:00,68
166,libero non mattis pulvinar nulla,2019-12-20 00:00:00,286
167,quis justo maecenas rhoncus aliquam,2020-01-28 00:00:00,412
168,viverra dapibus nulla suscipit ligula in lacus,2019-06-08 00:00:00,897
169,odio cras mi pede malesuada in imperdiet et commodo vulputate,2019-08-12 00:00:00,476
170,auctor gravida sem praesent id massa id,2019-12-04 00:00:00,478
171,tincidunt in leo maecenas pulvinar lobortis est,2020-04-06 00:00:00,776
172,augue vel accumsan tellus nisi eu orci mauris lacinia sapien,2019-09-06 00:00:00,37
173,aenean sit amet justo morbi ut odio cras,2019-11-07 00:00:00,597
174,faucibus cursus urna ut tellus nulla ut,2019-11-16 00:00:00,31
175,consequat morbi a ipsum integer a nibh,2019-07-24 00:00:00,151
176,nullam orci pede venenatis non sodales,2019-08-23 00:00:00,384
177,cubilia curae duis faucibus accumsan odio curabitur convallis duis,2019-11-29 00:00:00,207
178,cum sociis natoque penatibus et magnis dis,2020-01-30 00:00:00,41
179,sapien in sapien iaculis congue vivamus metus,2020-02-12 00:00:00,587
180,sapien placerat ante nulla justo aliquam quis turpis eget,2020-04-02 00:00:00,799
181,ullamcorper augue a suscipit nulla elit ac nulla,2020-04-27 00:00:00,205
182,hac habitasse platea dictumst aliquam,2020-04-09 00:00:00,495
183,magna bibendum imperdiet nullam orci pede venenatis non,2020-04-17 00:00:00,442
184,montes nascetur ridiculus mus vivamus vestibulum sagittis sapien cum sociis,2019-08-20 00:00:00,148
185,orci luctus et ultrices posuere cubilia curae mauris,2019-12-20 00:00:00,407
186,hac habitasse platea dictumst maecenas ut,2019-05-17 00:00:00,943
187,nam nulla integer pede justo lacinia eget tincidunt eget tempus,2019-05-25 00:00:00,566
188,nunc vestibulum ante ipsum primis in,2020-03-02 00:00:00,684
189,in leo maecenas pulvinar lobortis est phasellus sit,2019-07-20 00:00:00,67
190,id luctus nec molestie sed justo pellentesque viverra pede ac,2019-10-30 00:00:00,953
191,molestie hendrerit at vulputate vitae nisl aenean,2019-06-10 00:00:00,208
192,sem praesent id massa id nisl venenatis,2019-09-11 00:00:00,489
193,non mattis pulvinar nulla pede ullamcorper augue a suscipit,2019-10-15 00:00:00,292
194,sapien quis libero nullam sit amet,2019-11-24 00:00:00,446
195,et magnis dis parturient montes nascetur,2020-03-16 00:00:00,885
196,penatibus et magnis dis parturient montes,2020-03-31 00:00:00,919
197,mauris enim leo rhoncus sed vestibulum sit,2020-02-12 00:00:00,24
198,a suscipit nulla elit ac nulla sed,2019-11-15 00:00:00,696
199,purus phasellus in felis donec semper sapien a libero,2019-09-13 00:00:00,334
200,amet sapien dignissim vestibulum vestibulum ante ipsum primis in faucibus,2020-01-07 00:00:00,164
201,urna pretium nisl ut volutpat sapien arcu sed augue,2019-05-27 00:00:00,537
202,proin at turpis a pede,2019-09-28 00:00:00,993
203,cursus id turpis integer aliquet massa id,2020-02-13 00:00:00,512
204,ac tellus semper interdum mauris ullamcorper,2019-12-17 00:00:00,825
205,eget rutrum at lorem integer tincidunt ante vel ipsum praesent,2019-07-07 00:00:00,445
206,commodo placerat praesent blandit nam nulla integer pede justo lacinia,2020-04-09 00:00:00,640
207,odio cras mi pede malesuada in imperdiet et commodo,2019-11-04 00:00:00,167
208,dolor sit amet consectetuer adipiscing elit proin,2019-11-04 00:00:00,871
209,sed tristique in tempus sit amet sem fusce,2019-05-24 00:00:00,404
210,ultrices posuere cubilia curae duis faucibus,2019-11-18 00:00:00,778
211,aliquam non mauris morbi non,2020-01-08 00:00:00,960
212,lectus pellentesque eget nunc donec quis,2019-10-12 00:00:00,340
213,eu sapien cursus vestibulum proin eu mi nulla ac,2019-07-25 00:00:00,472
214,augue a suscipit nulla elit ac nulla,2019-09-18 00:00:00,271
215,nascetur ridiculus mus vivamus vestibulum sagittis sapien cum,2019-09-01 00:00:00,846
216,faucibus accumsan odio curabitur convallis duis consequat dui nec,2019-05-17 00:00:00,330
217,ultrices erat tortor sollicitudin mi sit amet lobortis sapien,2020-03-21 00:00:00,660
218,vehicula condimentum curabitur in libero ut,2019-08-07 00:00:00,447
219,in magna bibendum imperdiet nullam orci pede,2019-11-17 00:00:00,590
220,in hac habitasse platea dictumst maecenas,2019-07-14 00:00:00,770
221,lorem vitae mattis nibh ligula nec sem duis aliquam,2019-10-11 00:00:00,296
222,blandit lacinia erat vestibulum sed,2020-02-09 00:00:00,409
223,interdum mauris non ligula pellentesque ultrices phasellus,2019-08-14 00:00:00,138
224,id sapien in sapien iaculis,2019-11-26 00:00:00,393
225,fringilla rhoncus mauris enim leo,2019-10-31 00:00:00,86
226,duis at velit eu est congue,2020-04-23 00:00:00,948
227,in hac habitasse platea dictumst aliquam,2020-02-19 00:00:00,685
228,justo pellentesque viverra pede ac diam cras pellentesque,2019-11-10 00:00:00,924
229,eget eros elementum pellentesque quisque porta volutpat,2019-08-18 00:00:00,407
230,nonummy integer non velit donec diam neque vestibulum,2019-09-17 00:00:00,265
231,adipiscing elit proin interdum mauris non ligula pellentesque ultrices,2019-06-18 00:00:00,226
232,scelerisque quam turpis adipiscing lorem vitae mattis,2019-11-05 00:00:00,273
233,magna at nunc commodo placerat praesent blandit,2020-03-18 00:00:00,223
234,ac nibh fusce lacus purus aliquet,2019-06-03 00:00:00,514
235,erat fermentum justo nec condimentum neque sapien,2019-12-11 00:00:00,957
236,magna ac consequat metus sapien ut nunc vestibulum ante,2019-10-05 00:00:00,906
237,pede justo lacinia eget tincidunt eget,2020-01-01 00:00:00,867
238,felis donec semper sapien a libero nam dui,2019-07-23 00:00:00,342
239,in hac habitasse platea dictumst maecenas ut massa quis augue,2019-11-11 00:00:00,297
240,praesent blandit lacinia erat vestibulum sed magna at nunc,2019-12-01 00:00:00,89
241,vestibulum eget vulputate ut ultrices,2019-09-26 00:00:00,744
242,accumsan felis ut at dolor quis odio consequat,2019-11-07 00:00:00,475
243,semper sapien a libero nam dui proin leo odio,2019-10-15 00:00:00,19
244,placerat ante nulla justo aliquam quis turpis eget elit,2019-10-21 00:00:00,630
245,at dolor quis odio consequat varius,2019-11-27 00:00:00,578
246,fusce lacus purus aliquet at,2019-08-15 00:00:00,19
247,vestibulum sagittis sapien cum sociis natoque penatibus et magnis,2020-02-18 00:00:00,886
248,turpis sed ante vivamus tortor duis mattis egestas,2019-06-11 00:00:00,252
249,suspendisse ornare consequat lectus in est risus auctor,2019-05-31 00:00:00,95
250,vestibulum vestibulum ante ipsum primis in faucibus orci luctus,2019-12-29 00:00:00,14
251,aliquam quis turpis eget elit sodales scelerisque mauris,2019-08-22 00:00:00,364
252,at velit eu est congue elementum in hac habitasse platea,2019-05-23 00:00:00,579
253,porttitor lorem id ligula suspendisse ornare consequat lectus,2019-08-21 00:00:00,765
254,quam pharetra magna ac consequat metus sapien ut,2020-01-11 00:00:00,929
255,ac leo pellentesque ultrices mattis odio donec vitae nisi nam,2019-10-03 00:00:00,447
256,dapibus at diam nam tristique tortor eu pede,2019-06-07 00:00:00,83
257,in leo maecenas pulvinar lobortis est phasellus sit amet erat,2019-07-23 00:00:00,358
258,lacus morbi quis tortor id nulla ultrices,2020-04-07 00:00:00,23
259,libero quis orci nullam molestie nibh in lectus pellentesque,2019-09-16 00:00:00,610
260,ac neque duis bibendum morbi non quam nec dui luctus,2019-08-13 00:00:00,852
261,id lobortis convallis tortor risus dapibus,2019-08-22 00:00:00,763
262,erat vestibulum sed magna at nunc commodo placerat praesent,2019-07-04 00:00:00,541
263,vitae nisi nam ultrices libero non mattis,2019-08-12 00:00:00,607
264,nulla sed accumsan felis ut at,2020-01-16 00:00:00,101
265,quam suspendisse potenti nullam porttitor lacus at,2019-08-29 00:00:00,782
266,arcu sed augue aliquam erat,2019-06-26 00:00:00,540
267,ridiculus mus etiam vel augue vestibulum rutrum,2019-06-06 00:00:00,84
268,congue eget semper rutrum nulla nunc purus phasellus,2019-06-19 00:00:00,380
269,elementum ligula vehicula consequat morbi a ipsum integer a,2020-01-26 00:00:00,833
270,sit amet sem fusce consequat nulla nisl nunc nisl duis,2019-05-28 00:00:00,9
271,quisque id justo sit amet sapien dignissim,2019-06-26 00:00:00,499
272,mattis odio donec vitae nisi nam ultrices libero non,2019-12-23 00:00:00,53
273,cubilia curae nulla dapibus dolor vel est,2020-04-21 00:00:00,9
274,duis mattis egestas metus aenean fermentum,2019-06-03 00:00:00,210
275,nec nisi vulputate nonummy maecenas tincidunt,2020-02-15 00:00:00,981
276,libero rutrum ac lobortis vel,2020-03-04 00:00:00,49
277,morbi vestibulum velit id pretium,2019-09-01 00:00:00,501
278,sed justo pellentesque viverra pede ac diam cras pellentesque volutpat,2019-06-10 00:00:00,609
279,nibh in quis justo maecenas rhoncus aliquam lacus morbi,2020-03-23 00:00:00,909
280,vivamus metus arcu adipiscing molestie hendrerit at vulputate vitae,2019-07-10 00:00:00,250
281,donec quis orci eget orci vehicula condimentum curabitur in,2020-01-15 00:00:00,888
282,potenti in eleifend quam a,2019-11-15 00:00:00,228
283,turpis a pede posuere nonummy,2019-09-30 00:00:00,471
284,augue a suscipit nulla elit ac nulla sed vel enim,2019-08-25 00:00:00,212
285,diam vitae quam suspendisse potenti nullam porttitor lacus at turpis,2019-08-09 00:00:00,54
286,justo maecenas rhoncus aliquam lacus morbi quis tortor id,2020-02-21 00:00:00,446
287,hendrerit at vulputate vitae nisl aenean,2020-01-16 00:00:00,507
288,consequat morbi a ipsum integer a nibh,2019-07-23 00:00:00,272
289,elit ac nulla sed vel enim,2019-07-01 00:00:00,3
290,sapien arcu sed augue aliquam erat volutpat in congue,2019-11-29 00:00:00,298
291,in blandit ultrices enim lorem ipsum dolor sit,2019-08-22 00:00:00,151
292,nulla elit ac nulla sed vel enim sit,2019-06-30 00:00:00,47
293,metus vitae ipsum aliquam non mauris,2019-09-16 00:00:00,246
294,dapibus nulla suscipit ligula in lacus curabitur at ipsum,2019-12-17 00:00:00,674
295,suscipit ligula in lacus curabitur at ipsum ac tellus semper,2019-08-01 00:00:00,411
296,potenti in eleifend quam a,2020-01-08 00:00:00,765
297,massa donec dapibus duis at velit eu est congue,2019-12-15 00:00:00,149
298,mi sit amet lobortis sapien,2019-10-24 00:00:00,479
299,morbi non quam nec dui luctus rutrum,2019-07-31 00:00:00,882
300,vehicula consequat morbi a ipsum,2019-07-02 00:00:00,940
301,est quam pharetra magna ac consequat metus sapien,2019-06-05 00:00:00,830
302,quam sollicitudin vitae consectetuer eget rutrum at lorem integer tincidunt,2020-03-04 00:00:00,371
303,aliquam augue quam sollicitudin vitae consectetuer,2019-12-01 00:00:00,675
304,dapibus augue vel accumsan tellus nisi eu orci mauris,2020-01-20 00:00:00,150
305,magna vulputate luctus cum sociis natoque penatibus et,2020-01-24 00:00:00,494
306,vestibulum rutrum rutrum neque aenean,2020-01-10 00:00:00,532
307,sapien ut nunc vestibulum ante ipsum,2019-09-09 00:00:00,237
308,nunc viverra dapibus nulla suscipit ligula in lacus curabitur at,2020-02-16 00:00:00,304
309,dapibus augue vel accumsan tellus nisi,2019-09-06 00:00:00,253
310,lectus aliquam sit amet diam,2020-03-01 00:00:00,718
311,duis bibendum felis sed interdum venenatis turpis enim,2020-02-17 00:00:00,707
312,dapibus nulla suscipit ligula in,2019-07-23 00:00:00,255
313,tortor risus dapibus augue vel accumsan tellus nisi,2020-04-03 00:00:00,506
314,diam nam tristique tortor eu,2019-05-04 00:00:00,278
315,blandit lacinia erat vestibulum sed magna at nunc,2019-12-19 00:00:00,68
316,lacus curabitur at ipsum ac tellus,2019-12-12 00:00:00,73
317,diam neque vestibulum eget vulputate ut ultrices vel augue,2019-12-24 00:00:00,621
318,sit amet sapien dignissim vestibulum,2019-10-16 00:00:00,55
319,cursus urna ut tellus nulla,2019-10-07 00:00:00,591
320,ultrices mattis odio donec vitae nisi nam ultrices libero,2019-09-07 00:00:00,12
321,morbi non quam nec dui luctus rutrum nulla tellus,2020-04-26 00:00:00,954
322,a pede posuere nonummy integer non velit donec diam,2019-10-14 00:00:00,157
323,feugiat et eros vestibulum ac est lacinia nisi venenatis tristique,2019-05-24 00:00:00,630
324,a feugiat et eros vestibulum ac est,2020-03-27 00:00:00,417
325,dolor quis odio consequat varius integer ac leo pellentesque,2019-07-13 00:00:00,698
326,ut nulla sed accumsan felis,2019-08-16 00:00:00,619
327,dictumst aliquam augue quam sollicitudin,2020-03-26 00:00:00,652
328,et ultrices posuere cubilia curae mauris,2019-10-05 00:00:00,229
329,congue etiam justo etiam pretium iaculis justo,2019-06-10 00:00:00,843
330,bibendum imperdiet nullam orci pede venenatis non sodales,2020-01-04 00:00:00,913
331,neque sapien placerat ante nulla justo aliquam quis turpis,2019-06-13 00:00:00,661
332,pulvinar sed nisl nunc rhoncus dui,2019-09-24 00:00:00,693
333,non mauris morbi non lectus aliquam sit,2020-01-03 00:00:00,962
334,morbi non quam nec dui luctus rutrum nulla,2019-12-15 00:00:00,5
335,pellentesque quisque porta volutpat erat quisque erat eros viverra eget,2019-12-22 00:00:00,482
336,vitae ipsum aliquam non mauris morbi non lectus aliquam,2020-02-25 00:00:00,144
337,bibendum morbi non quam nec dui luctus rutrum,2019-09-22 00:00:00,89
338,ipsum integer a nibh in quis justo maecenas rhoncus aliquam,2020-03-15 00:00:00,63
339,vel enim sit amet nunc viverra,2020-02-18 00:00:00,935
340,sed magna at nunc commodo placerat praesent blandit nam nulla,2019-07-24 00:00:00,529
341,elit proin risus praesent lectus vestibulum quam sapien varius,2020-03-29 00:00:00,624
342,fusce congue diam id ornare imperdiet sapien,2019-12-09 00:00:00,507
343,amet diam in magna bibendum imperdiet,2020-01-01 00:00:00,994
344,etiam pretium iaculis justo in hac,2019-12-02 00:00:00,878
345,natoque penatibus et magnis dis parturient montes nascetur,2019-10-08 00:00:00,656
346,donec quis orci eget orci vehicula,2019-09-19 00:00:00,349
347,congue diam id ornare imperdiet,2019-08-11 00:00:00,259
348,aenean auctor gravida sem praesent,2020-04-20 00:00:00,186
349,pede morbi porttitor lorem id ligula suspendisse ornare consequat lectus,2019-10-26 00:00:00,576
350,duis consequat dui nec nisi volutpat eleifend,2019-12-28 00:00:00,791
351,nascetur ridiculus mus vivamus vestibulum sagittis sapien,2020-02-29 00:00:00,353
352,aliquet ultrices erat tortor sollicitudin mi sit amet lobortis sapien,2019-11-22 00:00:00,482
353,ultricies eu nibh quisque id justo sit amet,2020-03-03 00:00:00,434
354,est lacinia nisi venenatis tristique fusce congue diam id,2019-07-15 00:00:00,75
355,purus sit amet nulla quisque arcu libero rutrum ac,2019-06-23 00:00:00,204
356,nulla justo aliquam quis turpis eget elit,2019-09-30 00:00:00,33
357,neque aenean auctor gravida sem praesent id,2019-10-23 00:00:00,908
358,dolor sit amet consectetuer adipiscing elit proin risus praesent,2020-01-22 00:00:00,60
359,lectus pellentesque at nulla suspendisse potenti,2019-06-15 00:00:00,235
360,porttitor lacus at turpis donec posuere metus vitae,2019-09-29 00:00:00,413
361,nulla ac enim in tempor turpis,2019-10-14 00:00:00,539
362,ipsum aliquam non mauris morbi non lectus aliquam sit amet,2019-09-06 00:00:00,407
363,adipiscing lorem vitae mattis nibh ligula nec sem,2019-09-09 00:00:00,688
364,sed tristique in tempus sit amet sem,2019-12-09 00:00:00,476
365,at diam nam tristique tortor eu pede,2019-11-08 00:00:00,760
366,ipsum dolor sit amet consectetuer adipiscing elit proin risus,2019-06-26 00:00:00,927
367,habitasse platea dictumst aliquam augue,2019-09-28 00:00:00,766
368,ante nulla justo aliquam quis turpis eget elit sodales,2020-03-23 00:00:00,711
369,purus eu magna vulputate luctus cum,2020-02-16 00:00:00,667
370,in quam fringilla rhoncus mauris enim leo,2019-05-14 00:00:00,216
371,lectus in est risus auctor sed tristique,2019-12-05 00:00:00,307
372,enim lorem ipsum dolor sit,2019-06-19 00:00:00,498
373,ut erat id mauris vulputate elementum nullam varius,2020-03-15 00:00:00,410
374,ante vel ipsum praesent blandit lacinia erat,2019-08-16 00:00:00,31
375,fusce congue diam id ornare imperdiet sapien urna pretium nisl,2019-10-27 00:00:00,647
376,nulla mollis molestie lorem quisque ut erat,2019-10-30 00:00:00,4
377,quam pede lobortis ligula sit amet eleifend,2019-09-01 00:00:00,936
378,elementum ligula vehicula consequat morbi,2019-08-17 00:00:00,731
379,nulla pede ullamcorper augue a suscipit nulla elit,2019-07-15 00:00:00,841
380,eu massa donec dapibus duis at,2019-12-10 00:00:00,44
381,nam congue risus semper porta volutpat quam pede,2020-04-23 00:00:00,648
382,at nibh in hac habitasse,2019-05-16 00:00:00,657
383,phasellus sit amet erat nulla tempus,2019-10-27 00:00:00,939
384,penatibus et magnis dis parturient montes,2019-05-15 00:00:00,675
385,eu orci mauris lacinia sapien quis,2020-03-12 00:00:00,354
386,accumsan tortor quis turpis sed ante vivamus,2019-11-12 00:00:00,163
387,purus aliquet at feugiat non,2019-06-20 00:00:00,946
388,morbi ut odio cras mi pede,2020-01-14 00:00:00,184
389,felis sed interdum venenatis turpis enim blandit mi,2019-05-13 00:00:00,939
390,in purus eu magna vulputate luctus,2019-08-03 00:00:00,590
391,interdum eu tincidunt in leo,2019-06-23 00:00:00,573
392,consequat dui nec nisi volutpat eleifend donec,2019-05-15 00:00:00,945
393,nisi venenatis tristique fusce congue diam,2019-09-06 00:00:00,773
394,nunc vestibulum ante ipsum primis in faucibus orci luctus et,2019-12-22 00:00:00,11
395,montes nascetur ridiculus mus vivamus vestibulum sagittis sapien,2019-08-04 00:00:00,185
396,dolor sit amet consectetuer adipiscing elit proin,2019-11-22 00:00:00,169
397,cras pellentesque volutpat dui maecenas,2020-04-16 00:00:00,513
398,mauris eget massa tempor convallis nulla neque,2020-03-07 00:00:00,131
399,pretium quis lectus suspendisse potenti in eleifend quam,2019-11-21 00:00:00,321
400,sed lacus morbi sem mauris laoreet,2019-08-02 00:00:00,136
401,sodales scelerisque mauris sit amet eros suspendisse accumsan tortor,2019-07-04 00:00:00,660
402,pede venenatis non sodales sed tincidunt,2019-06-18 00:00:00,56
403,ipsum dolor sit amet consectetuer adipiscing elit proin risus,2019-08-05 00:00:00,208
404,posuere metus vitae ipsum aliquam non mauris,2019-09-14 00:00:00,705
405,morbi non quam nec dui luctus rutrum,2019-05-10 00:00:00,796
406,vivamus metus arcu adipiscing molestie hendrerit at vulputate vitae nisl,2019-08-28 00:00:00,968
407,diam neque vestibulum eget vulputate ut ultrices vel,2020-03-01 00:00:00,526
408,eget nunc donec quis orci eget orci,2019-07-19 00:00:00,288
409,morbi non lectus aliquam sit amet diam,2020-01-24 00:00:00,382
410,lacus at turpis donec posuere metus vitae ipsum,2019-05-19 00:00:00,958
411,pede venenatis non sodales sed tincidunt eu felis,2019-05-26 00:00:00,871
412,congue eget semper rutrum nulla nunc purus,2019-12-01 00:00:00,81
413,in hac habitasse platea dictumst morbi vestibulum velit id pretium,2019-08-13 00:00:00,186
414,vel sem sed sagittis nam,2020-05-01 00:00:00,436
415,eleifend luctus ultricies eu nibh quisque id justo sit amet,2020-04-09 00:00:00,991
416,in quis justo maecenas rhoncus aliquam lacus,2019-12-31 00:00:00,283
417,donec odio justo sollicitudin ut,2019-08-10 00:00:00,875
418,lectus aliquam sit amet diam in magna bibendum,2019-09-08 00:00:00,12
419,dictumst aliquam augue quam sollicitudin vitae,2019-12-29 00:00:00,80
420,eget congue eget semper rutrum,2020-02-20 00:00:00,948
421,cubilia curae mauris viverra diam vitae quam suspendisse potenti nullam,2019-12-08 00:00:00,867
422,eros viverra eget congue eget semper rutrum nulla nunc,2019-10-10 00:00:00,877
423,justo eu massa donec dapibus duis at velit,2020-01-09 00:00:00,505
424,felis eu sapien cursus vestibulum proin eu,2019-07-02 00:00:00,325
425,ac diam cras pellentesque volutpat dui maecenas,2020-01-22 00:00:00,326
426,erat nulla tempus vivamus in felis eu sapien cursus vestibulum,2020-01-06 00:00:00,207
427,in congue etiam justo etiam pretium iaculis justo in,2019-07-20 00:00:00,624
428,nulla mollis molestie lorem quisque,2019-10-10 00:00:00,561
429,vestibulum ante ipsum primis in faucibus orci luctus et,2020-05-02 00:00:00,392
430,semper porta volutpat quam pede lobortis,2019-08-11 00:00:00,253
431,lacinia eget tincidunt eget tempus vel pede,2020-01-20 00:00:00,29
432,eu sapien cursus vestibulum proin,2019-06-08 00:00:00,949
433,quis orci eget orci vehicula condimentum,2019-11-04 00:00:00,611
434,nulla integer pede justo lacinia eget tincidunt eget tempus,2019-12-12 00:00:00,258
435,libero nam dui proin leo odio porttitor id,2019-07-26 00:00:00,382
436,quam sollicitudin vitae consectetuer eget rutrum at lorem integer,2019-07-04 00:00:00,182
437,vel nisl duis ac nibh fusce lacus purus aliquet,2019-11-18 00:00:00,882
438,luctus tincidunt nulla mollis molestie lorem quisque ut erat,2019-11-22 00:00:00,796
439,luctus rutrum nulla tellus in,2020-03-28 00:00:00,97
440,duis faucibus accumsan odio curabitur convallis duis,2019-08-11 00:00:00,875
441,amet diam in magna bibendum imperdiet nullam,2019-10-02 00:00:00,551
442,id justo sit amet sapien dignissim vestibulum vestibulum,2019-09-13 00:00:00,304
443,ut odio cras mi pede malesuada in imperdiet et,2019-11-03 00:00:00,243
444,nunc nisl duis bibendum felis sed interdum venenatis turpis enim,2019-10-20 00:00:00,432
445,enim sit amet nunc viverra dapibus nulla suscipit,2020-03-03 00:00:00,866
446,risus auctor sed tristique in tempus sit amet sem,2019-12-28 00:00:00,167
447,nec dui luctus rutrum nulla tellus in,2020-03-20 00:00:00,786
448,sit amet turpis elementum ligula,2019-11-28 00:00:00,187
449,leo odio porttitor id consequat in consequat ut,2019-08-20 00:00:00,885
450,cubilia curae duis faucibus accumsan odio curabitur convallis duis consequat,2019-06-19 00:00:00,145
451,porttitor lorem id ligula suspendisse ornare consequat lectus,2019-09-18 00:00:00,819
452,interdum venenatis turpis enim blandit mi in porttitor,2019-11-25 00:00:00,299
453,in blandit ultrices enim lorem ipsum dolor sit amet consectetuer,2019-07-30 00:00:00,398
454,duis faucibus accumsan odio curabitur convallis duis,2019-05-27 00:00:00,876
455,dui vel sem sed sagittis,2019-06-02 00:00:00,52
456,ut nunc vestibulum ante ipsum primis in faucibus orci luctus,2019-08-10 00:00:00,610
457,ipsum dolor sit amet consectetuer adipiscing elit proin,2019-08-29 00:00:00,827
458,proin leo odio porttitor id consequat in,2020-03-23 00:00:00,38
459,volutpat convallis morbi odio odio elementum eu interdum eu,2019-08-12 00:00:00,220
460,vestibulum ante ipsum primis in faucibus orci,2019-08-19 00:00:00,386
461,nunc commodo placerat praesent blandit nam nulla,2019-05-27 00:00:00,378
462,primis in faucibus orci luctus et ultrices posuere,2020-02-22 00:00:00,330
463,aliquet ultrices erat tortor sollicitudin,2020-03-09 00:00:00,514
464,convallis morbi odio odio elementum eu interdum eu,2020-03-20 00:00:00,125
465,pellentesque viverra pede ac diam cras pellentesque volutpat dui maecenas,2020-01-30 00:00:00,658
466,ipsum dolor sit amet consectetuer adipiscing elit proin risus,2019-12-10 00:00:00,89
467,consequat in consequat ut nulla,2019-11-11 00:00:00,600
468,nisi at nibh in hac habitasse,2019-11-21 00:00:00,121
469,sit amet erat nulla tempus,2020-02-08 00:00:00,172
470,facilisi cras non velit nec nisi vulputate nonummy maecenas,2020-02-02 00:00:00,420
471,nunc purus phasellus in felis,2019-07-21 00:00:00,136
472,donec ut mauris eget massa tempor convallis nulla neque,2020-01-02 00:00:00,979
473,magna at nunc commodo placerat praesent blandit,2019-09-06 00:00:00,221
474,morbi sem mauris laoreet ut rhoncus aliquet pulvinar,2019-07-21 00:00:00,75
475,leo rhoncus sed vestibulum sit amet cursus id turpis,2019-12-12 00:00:00,637
476,gravida nisi at nibh in hac habitasse platea dictumst,2019-11-30 00:00:00,580
477,quis augue luctus tincidunt nulla mollis molestie lorem,2020-04-26 00:00:00,620
478,congue elementum in hac habitasse platea dictumst,2019-05-06 00:00:00,24
479,in porttitor pede justo eu massa donec dapibus duis at,2019-10-21 00:00:00,831
480,lacinia erat vestibulum sed magna at nunc,2019-11-03 00:00:00,720
481,potenti in eleifend quam a odio in,2020-01-03 00:00:00,456
482,est quam pharetra magna ac consequat metus sapien ut,2020-01-22 00:00:00,254
483,molestie sed justo pellentesque viverra pede,2020-03-23 00:00:00,690
484,erat nulla tempus vivamus in felis,2019-05-06 00:00:00,193
485,convallis morbi odio odio elementum eu interdum eu tincidunt,2019-08-25 00:00:00,397
486,aenean auctor gravida sem praesent id massa,2020-02-03 00:00:00,878
487,dolor vel est donec odio justo,2019-07-27 00:00:00,294
488,suspendisse potenti in eleifend quam a odio in hac habitasse,2019-12-12 00:00:00,389
489,in faucibus orci luctus et ultrices,2019-09-06 00:00:00,68
490,auctor gravida sem praesent id massa,2019-07-06 00:00:00,586
491,at nunc commodo placerat praesent blandit nam nulla integer pede,2020-04-02 00:00:00,575
492,pretium iaculis justo in hac habitasse platea dictumst etiam faucibus,2019-10-17 00:00:00,502
493,dictumst etiam faucibus cursus urna ut,2019-12-12 00:00:00,274
494,augue luctus tincidunt nulla mollis,2019-09-21 00:00:00,838
495,in faucibus orci luctus et,2020-03-29 00:00:00,593
496,curae mauris viverra diam vitae quam suspendisse potenti nullam,2020-03-12 00:00:00,830
497,porta volutpat quam pede lobortis ligula sit amet eleifend,2019-08-26 00:00:00,108
498,nunc donec quis orci eget orci vehicula,2019-12-02 00:00:00,133
499,nibh in quis justo maecenas rhoncus aliquam lacus morbi quis,2019-07-12 00:00:00,912
500,sapien a libero nam dui proin leo,2019-10-22 00:00:00,153
501,purus eu magna vulputate luctus,2019-08-22 00:00:00,552
502,duis faucibus accumsan odio curabitur convallis duis consequat dui nec,2020-02-25 00:00:00,874
503,aliquam erat volutpat in congue etiam justo etiam pretium,2019-06-28 00:00:00,656
504,integer tincidunt ante vel ipsum praesent blandit lacinia erat vestibulum,2019-08-23 00:00:00,524
505,amet consectetuer adipiscing elit proin,2020-03-11 00:00:00,197
506,integer pede justo lacinia eget tincidunt eget tempus vel pede,2019-07-22 00:00:00,527
507,amet consectetuer adipiscing elit proin risus praesent lectus vestibulum quam,2019-06-15 00:00:00,481
508,erat fermentum justo nec condimentum neque sapien placerat ante nulla,2019-05-30 00:00:00,224
509,est lacinia nisi venenatis tristique,2019-08-11 00:00:00,260
510,luctus cum sociis natoque penatibus et magnis dis parturient,2020-03-16 00:00:00,940
511,nascetur ridiculus mus vivamus vestibulum sagittis sapien cum sociis natoque,2020-02-28 00:00:00,541
512,rutrum ac lobortis vel dapibus at diam nam tristique,2020-01-29 00:00:00,435
513,tincidunt eu felis fusce posuere,2019-05-06 00:00:00,594
514,sit amet nulla quisque arcu libero rutrum,2020-03-12 00:00:00,9
515,praesent lectus vestibulum quam sapien varius ut,2020-03-30 00:00:00,49
516,consequat dui nec nisi volutpat eleifend donec ut,2019-07-02 00:00:00,919
517,sapien sapien non mi integer ac neque duis,2019-11-18 00:00:00,582
518,lacinia nisi venenatis tristique fusce congue diam id ornare imperdiet,2019-11-08 00:00:00,803
519,morbi sem mauris laoreet ut rhoncus,2019-08-26 00:00:00,77
520,nulla dapibus dolor vel est,2019-08-25 00:00:00,523
521,rutrum ac lobortis vel dapibus at diam nam tristique tortor,2020-03-19 00:00:00,804
522,habitasse platea dictumst maecenas ut massa quis augue,2019-08-17 00:00:00,941
523,in congue etiam justo etiam pretium,2019-05-20 00:00:00,768
524,sed tristique in tempus sit amet sem,2020-03-22 00:00:00,498
525,erat volutpat in congue etiam,2019-07-04 00:00:00,149
526,tempus vivamus in felis eu sapien cursus vestibulum proin,2020-03-04 00:00:00,532
527,porttitor lacus at turpis donec,2019-07-16 00:00:00,743
528,in ante vestibulum ante ipsum primis,2019-12-09 00:00:00,767
529,aliquet at feugiat non pretium quis lectus suspendisse potenti,2019-11-13 00:00:00,209
530,rhoncus aliquam lacus morbi quis tortor id nulla,2020-03-13 00:00:00,657
531,rutrum nulla nunc purus phasellus in felis donec semper,2019-12-25 00:00:00,272
532,sit amet lobortis sapien sapien non,2020-02-12 00:00:00,276
533,scelerisque mauris sit amet eros suspendisse accumsan tortor,2020-04-13 00:00:00,70
534,vestibulum ante ipsum primis in faucibus orci luctus et,2019-10-29 00:00:00,559
535,rutrum neque aenean auctor gravida sem praesent,2019-10-10 00:00:00,825
536,porttitor id consequat in consequat ut nulla sed accumsan,2020-04-16 00:00:00,547
537,nulla ut erat id mauris vulputate elementum nullam varius,2020-02-03 00:00:00,554
538,nunc nisl duis bibendum felis sed interdum venenatis turpis enim,2019-09-25 00:00:00,270
539,vitae nisl aenean lectus pellentesque eget nunc,2020-01-14 00:00:00,481
540,metus arcu adipiscing molestie hendrerit at vulputate,2020-03-03 00:00:00,517
541,duis at velit eu est congue,2019-08-06 00:00:00,387
542,blandit nam nulla integer pede justo lacinia,2019-06-13 00:00:00,256
543,ante ipsum primis in faucibus,2019-05-06 00:00:00,914
544,nec dui luctus rutrum nulla tellus,2020-04-16 00:00:00,721
545,ullamcorper augue a suscipit nulla,2020-04-26 00:00:00,67
546,sed tristique in tempus sit amet sem,2019-06-05 00:00:00,797
547,sit amet erat nulla tempus vivamus in felis,2019-12-31 00:00:00,114
548,sed nisl nunc rhoncus dui vel sem sed,2019-09-29 00:00:00,54
549,nisi nam ultrices libero non,2019-06-27 00:00:00,119
550,integer pede justo lacinia eget tincidunt eget tempus vel,2020-02-13 00:00:00,209
551,nisi venenatis tristique fusce congue diam,2019-11-06 00:00:00,418
552,ante vivamus tortor duis mattis egestas metus aenean fermentum donec,2019-08-10 00:00:00,412
553,curabitur gravida nisi at nibh,2019-08-21 00:00:00,636
554,mauris laoreet ut rhoncus aliquet pulvinar sed,2019-07-12 00:00:00,145
555,praesent blandit lacinia erat vestibulum sed magna at,2019-12-31 00:00:00,573
556,at nulla suspendisse potenti cras in purus,2020-01-25 00:00:00,871
557,primis in faucibus orci luctus et ultrices,2020-02-04 00:00:00,7
558,rhoncus sed vestibulum sit amet cursus id turpis,2019-05-27 00:00:00,320
559,rhoncus mauris enim leo rhoncus sed vestibulum,2019-10-30 00:00:00,825
560,pellentesque quisque porta volutpat erat quisque erat,2020-01-22 00:00:00,482
561,ligula suspendisse ornare consequat lectus in est risus,2019-06-03 00:00:00,457
562,velit nec nisi vulputate nonummy maecenas tincidunt lacus at,2019-12-15 00:00:00,742
563,orci vehicula condimentum curabitur in libero ut,2020-05-02 00:00:00,88
564,ac consequat metus sapien ut nunc vestibulum ante,2019-05-29 00:00:00,368
565,ac consequat metus sapien ut nunc vestibulum ante ipsum primis,2019-12-21 00:00:00,434
566,dolor sit amet consectetuer adipiscing elit proin,2019-11-13 00:00:00,274
567,convallis nunc proin at turpis a pede posuere nonummy,2019-12-29 00:00:00,346
568,pede ullamcorper augue a suscipit nulla,2020-02-16 00:00:00,27
569,dui vel sem sed sagittis nam congue,2020-01-07 00:00:00,839
570,lobortis ligula sit amet eleifend pede libero quis orci nullam,2020-01-23 00:00:00,42
571,luctus cum sociis natoque penatibus et,2019-08-12 00:00:00,437
572,justo in blandit ultrices enim lorem ipsum dolor sit,2020-01-04 00:00:00,529
573,vehicula consequat morbi a ipsum integer a,2019-12-01 00:00:00,904
574,nunc commodo placerat praesent blandit,2019-07-03 00:00:00,89
575,hac habitasse platea dictumst maecenas ut massa,2020-01-16 00:00:00,529
576,vitae nisl aenean lectus pellentesque eget nunc donec,2019-06-30 00:00:00,305
577,placerat praesent blandit nam nulla,2020-03-21 00:00:00,591
578,sapien arcu sed augue aliquam erat volutpat in congue,2020-01-07 00:00:00,935
579,aliquet maecenas leo odio condimentum id luctus,2019-11-27 00:00:00,993
580,nam congue risus semper porta volutpat quam pede lobortis ligula,2019-10-29 00:00:00,507
581,leo rhoncus sed vestibulum sit amet cursus id turpis,2019-12-13 00:00:00,74
582,ullamcorper purus sit amet nulla quisque arcu libero,2019-09-08 00:00:00,254
583,pede libero quis orci nullam molestie nibh in,2019-08-20 00:00:00,558
584,est quam pharetra magna ac consequat metus sapien,2019-07-28 00:00:00,143
585,pretium iaculis justo in hac habitasse platea dictumst,2019-05-11 00:00:00,500
586,risus praesent lectus vestibulum quam sapien,2020-04-28 00:00:00,44
587,faucibus orci luctus et ultrices posuere cubilia,2020-01-28 00:00:00,648
588,pede justo lacinia eget tincidunt eget tempus vel pede,2019-10-25 00:00:00,94
589,condimentum curabitur in libero ut massa,2019-07-11 00:00:00,88
590,tempor turpis nec euismod scelerisque quam turpis,2019-08-21 00:00:00,107
591,tempus sit amet sem fusce consequat nulla nisl nunc,2020-01-19 00:00:00,75
592,adipiscing elit proin risus praesent lectus vestibulum quam sapien varius,2019-09-15 00:00:00,691
593,varius integer ac leo pellentesque ultrices mattis odio,2019-08-31 00:00:00,440
594,ut ultrices vel augue vestibulum,2019-05-10 00:00:00,354
595,integer tincidunt ante vel ipsum praesent,2019-05-29 00:00:00,527
596,id luctus nec molestie sed justo pellentesque viverra pede ac,2019-07-02 00:00:00,413
597,lectus pellentesque at nulla suspendisse potenti cras in purus,2019-06-29 00:00:00,69
598,sapien cum sociis natoque penatibus et magnis dis,2020-03-13 00:00:00,315
599,justo lacinia eget tincidunt eget,2019-06-24 00:00:00,293
600,cubilia curae mauris viverra diam,2020-04-06 00:00:00,383
601,amet erat nulla tempus vivamus in felis eu,2019-07-29 00:00:00,136
602,vitae quam suspendisse potenti nullam porttitor lacus at turpis,2019-11-26 00:00:00,783
603,eget tempus vel pede morbi porttitor lorem id ligula,2020-02-17 00:00:00,83
604,morbi porttitor lorem id ligula suspendisse ornare consequat lectus,2020-02-21 00:00:00,224
605,eleifend quam a odio in hac,2020-04-22 00:00:00,578
606,id mauris vulputate elementum nullam varius nulla facilisi cras non,2020-04-30 00:00:00,851
607,magna at nunc commodo placerat praesent blandit nam nulla integer,2020-03-22 00:00:00,849
608,felis donec semper sapien a libero nam dui,2019-11-04 00:00:00,826
609,ac diam cras pellentesque volutpat dui,2019-06-23 00:00:00,765
610,rutrum nulla tellus in sagittis dui vel nisl duis ac,2019-08-25 00:00:00,634
611,nulla ut erat id mauris vulputate elementum nullam,2019-12-27 00:00:00,993
612,nulla mollis molestie lorem quisque,2020-01-03 00:00:00,589
613,primis in faucibus orci luctus et ultrices posuere cubilia,2019-05-18 00:00:00,509
614,pellentesque quisque porta volutpat erat quisque erat eros,2019-09-29 00:00:00,23
615,neque aenean auctor gravida sem praesent,2020-04-10 00:00:00,540
616,elementum pellentesque quisque porta volutpat erat quisque erat,2019-09-29 00:00:00,768
617,varius integer ac leo pellentesque ultrices mattis odio,2020-02-27 00:00:00,730
618,vulputate elementum nullam varius nulla facilisi,2020-04-06 00:00:00,345
619,ultrices posuere cubilia curae duis faucibus accumsan odio,2020-05-01 00:00:00,37
620,vestibulum ante ipsum primis in,2019-05-13 00:00:00,132
621,quis lectus suspendisse potenti in eleifend quam a odio in,2019-10-18 00:00:00,692
622,penatibus et magnis dis parturient montes nascetur ridiculus mus vivamus,2019-05-17 00:00:00,351
623,suscipit a feugiat et eros vestibulum,2019-11-27 00:00:00,961
624,ipsum primis in faucibus orci luctus et,2019-09-20 00:00:00,884
625,libero convallis eget eleifend luctus ultricies eu nibh,2020-02-25 00:00:00,650
626,vel augue vestibulum ante ipsum primis in faucibus orci,2019-09-27 00:00:00,756
627,id ornare imperdiet sapien urna pretium nisl ut volutpat,2019-12-31 00:00:00,939
628,rutrum rutrum neque aenean auctor gravida sem praesent,2019-12-03 00:00:00,903
629,nunc purus phasellus in felis,2019-12-09 00:00:00,12
630,sem sed sagittis nam congue risus semper porta volutpat,2020-03-04 00:00:00,553
631,donec posuere metus vitae ipsum aliquam non mauris,2019-11-21 00:00:00,858
632,primis in faucibus orci luctus et ultrices posuere cubilia curae,2019-11-11 00:00:00,118
633,curabitur gravida nisi at nibh in,2019-10-27 00:00:00,103
634,et ultrices posuere cubilia curae,2019-10-10 00:00:00,143
635,sit amet eleifend pede libero quis orci nullam molestie,2019-08-14 00:00:00,214
636,diam neque vestibulum eget vulputate,2019-11-28 00:00:00,268
637,at nibh in hac habitasse platea dictumst aliquam,2019-07-26 00:00:00,663
638,ornare imperdiet sapien urna pretium nisl ut volutpat sapien arcu,2019-08-21 00:00:00,316
639,suscipit nulla elit ac nulla sed vel,2020-01-15 00:00:00,117
640,at nibh in hac habitasse platea dictumst aliquam augue quam,2019-06-28 00:00:00,706
641,donec semper sapien a libero,2020-02-29 00:00:00,757
642,pharetra magna ac consequat metus sapien ut nunc vestibulum ante,2019-09-15 00:00:00,392
643,sapien quis libero nullam sit amet,2019-12-24 00:00:00,211
644,ultrices erat tortor sollicitudin mi,2019-08-27 00:00:00,824
645,odio porttitor id consequat in consequat ut,2019-11-24 00:00:00,146
646,primis in faucibus orci luctus,2019-11-25 00:00:00,933
647,hac habitasse platea dictumst morbi vestibulum,2019-11-11 00:00:00,265
648,libero rutrum ac lobortis vel,2020-04-10 00:00:00,242
649,luctus et ultrices posuere cubilia,2019-10-20 00:00:00,260
650,vestibulum sed magna at nunc commodo placerat praesent,2019-06-07 00:00:00,970
651,dui maecenas tristique est et tempus semper est quam,2019-07-09 00:00:00,455
652,congue etiam justo etiam pretium,2019-05-13 00:00:00,384
653,cum sociis natoque penatibus et magnis dis,2020-01-24 00:00:00,965
654,arcu sed augue aliquam erat,2020-03-27 00:00:00,959
655,nullam molestie nibh in lectus pellentesque at nulla,2019-10-03 00:00:00,323
656,est donec odio justo sollicitudin ut suscipit a feugiat et,2020-02-20 00:00:00,308
657,posuere cubilia curae mauris viverra diam vitae quam suspendisse potenti,2019-05-23 00:00:00,688
658,morbi quis tortor id nulla ultrices aliquet maecenas leo,2019-11-01 00:00:00,306
659,posuere felis sed lacus morbi sem mauris,2020-01-23 00:00:00,224
660,volutpat convallis morbi odio odio elementum eu interdum eu tincidunt,2019-07-14 00:00:00,664
661,cum sociis natoque penatibus et magnis,2020-02-10 00:00:00,574
662,massa tempor convallis nulla neque libero convallis,2019-11-17 00:00:00,309
663,ullamcorper purus sit amet nulla,2019-06-05 00:00:00,36
664,sagittis dui vel nisl duis ac,2019-07-30 00:00:00,370
665,diam erat fermentum justo nec condimentum neque sapien placerat,2020-02-17 00:00:00,531
666,etiam pretium iaculis justo in,2019-05-05 00:00:00,134
667,pede venenatis non sodales sed tincidunt,2019-05-08 00:00:00,585
668,augue vestibulum ante ipsum primis in faucibus orci,2019-10-03 00:00:00,486
669,ligula sit amet eleifend pede libero quis orci nullam,2019-06-11 00:00:00,230
670,lacinia nisi venenatis tristique fusce congue diam id ornare imperdiet,2019-07-20 00:00:00,426
671,imperdiet nullam orci pede venenatis non sodales sed,2019-12-30 00:00:00,541
672,vivamus in felis eu sapien cursus vestibulum,2019-11-30 00:00:00,961
673,dolor morbi vel lectus in quam fringilla rhoncus,2019-12-23 00:00:00,389
674,dolor quis odio consequat varius integer ac leo pellentesque,2019-06-28 00:00:00,465
675,at nunc commodo placerat praesent blandit nam,2020-04-21 00:00:00,899
676,tincidunt ante vel ipsum praesent blandit lacinia,2019-12-14 00:00:00,461
677,libero nam dui proin leo odio porttitor id consequat in,2019-09-09 00:00:00,914
678,tincidunt in leo maecenas pulvinar lobortis est phasellus sit amet,2020-02-07 00:00:00,589
679,dignissim vestibulum vestibulum ante ipsum primis,2019-08-14 00:00:00,614
680,nulla integer pede justo lacinia eget tincidunt eget tempus vel,2019-05-04 00:00:00,480
681,donec ut mauris eget massa tempor convallis nulla neque libero,2019-11-09 00:00:00,420
682,et ultrices posuere cubilia curae,2019-07-14 00:00:00,5
683,adipiscing elit proin interdum mauris non ligula pellentesque ultrices phasellus,2019-07-05 00:00:00,804
684,in faucibus orci luctus et ultrices posuere,2020-01-05 00:00:00,809
685,nec nisi volutpat eleifend donec,2020-04-24 00:00:00,939
686,orci vehicula condimentum curabitur in libero ut massa volutpat,2019-09-02 00:00:00,571
687,sapien a libero nam dui proin leo odio,2019-12-20 00:00:00,841
688,at velit vivamus vel nulla,2019-05-14 00:00:00,726
689,porta volutpat quam pede lobortis ligula sit,2020-02-03 00:00:00,888
690,mauris morbi non lectus aliquam,2020-02-12 00:00:00,755
691,ultrices libero non mattis pulvinar nulla pede ullamcorper augue,2020-04-22 00:00:00,860
692,cras pellentesque volutpat dui maecenas tristique est et tempus semper,2019-08-12 00:00:00,94
693,aliquam augue quam sollicitudin vitae consectetuer eget rutrum at lorem,2019-10-29 00:00:00,383
694,tincidunt in leo maecenas pulvinar lobortis est phasellus,2019-11-02 00:00:00,854
695,curabitur convallis duis consequat dui nec nisi volutpat,2019-08-04 00:00:00,978
696,in sapien iaculis congue vivamus metus arcu adipiscing,2019-07-29 00:00:00,822
697,augue luctus tincidunt nulla mollis molestie,2019-09-19 00:00:00,468
698,odio donec vitae nisi nam ultrices,2019-10-09 00:00:00,475
699,curabitur at ipsum ac tellus,2019-07-25 00:00:00,857
700,id pretium iaculis diam erat fermentum justo nec,2019-10-25 00:00:00,5
701,ut massa volutpat convallis morbi odio odio elementum,2020-03-21 00:00:00,82
702,at turpis donec posuere metus vitae ipsum,2020-03-31 00:00:00,343
703,lobortis est phasellus sit amet erat nulla tempus vivamus,2019-10-15 00:00:00,858
704,amet eleifend pede libero quis orci nullam,2019-11-28 00:00:00,575
705,proin leo odio porttitor id consequat in,2019-07-27 00:00:00,46
706,vel augue vestibulum rutrum rutrum neque aenean auctor gravida sem,2020-03-24 00:00:00,437
707,praesent blandit nam nulla integer pede justo lacinia,2019-08-22 00:00:00,416
708,habitasse platea dictumst morbi vestibulum,2020-05-02 00:00:00,475
709,amet turpis elementum ligula vehicula consequat morbi a ipsum,2019-05-29 00:00:00,601
710,turpis donec posuere metus vitae ipsum aliquam non mauris morbi,2019-07-14 00:00:00,305
711,cursus id turpis integer aliquet massa id lobortis,2020-03-05 00:00:00,267
712,sem praesent id massa id nisl venenatis,2020-03-13 00:00:00,297
713,orci luctus et ultrices posuere cubilia curae nulla,2019-10-03 00:00:00,635
714,aliquet ultrices erat tortor sollicitudin mi,2019-10-12 00:00:00,557
715,ligula pellentesque ultrices phasellus id sapien in sapien,2020-01-07 00:00:00,734
716,curae donec pharetra magna vestibulum aliquet,2020-03-19 00:00:00,25
717,quam fringilla rhoncus mauris enim leo rhoncus sed vestibulum sit,2019-10-03 00:00:00,216
718,ut nunc vestibulum ante ipsum primis in,2020-04-13 00:00:00,422
719,volutpat dui maecenas tristique est et tempus semper est quam,2020-03-25 00:00:00,888
720,ultricies eu nibh quisque id,2019-05-31 00:00:00,443
721,penatibus et magnis dis parturient,2020-05-01 00:00:00,175
722,phasellus id sapien in sapien iaculis,2020-02-18 00:00:00,205
723,eros vestibulum ac est lacinia nisi,2019-09-04 00:00:00,442
724,nulla suspendisse potenti cras in purus eu magna vulputate,2019-07-24 00:00:00,769
725,ridiculus mus etiam vel augue vestibulum rutrum rutrum neque,2019-06-13 00:00:00,512
726,enim leo rhoncus sed vestibulum sit amet cursus id turpis,2019-11-08 00:00:00,622
727,bibendum imperdiet nullam orci pede venenatis non sodales sed,2019-07-23 00:00:00,444
728,turpis elementum ligula vehicula consequat morbi,2019-09-08 00:00:00,555
729,molestie hendrerit at vulputate vitae,2020-02-19 00:00:00,405
730,a ipsum integer a nibh in quis justo maecenas rhoncus,2019-05-09 00:00:00,853
731,ut nulla sed accumsan felis ut at dolor quis,2020-01-16 00:00:00,602
732,maecenas ut massa quis augue luctus tincidunt,2019-09-15 00:00:00,80
733,sed tincidunt eu felis fusce posuere felis sed,2019-05-12 00:00:00,789
734,at vulputate vitae nisl aenean lectus pellentesque eget nunc,2019-11-17 00:00:00,994
735,consequat varius integer ac leo pellentesque ultrices mattis,2019-06-16 00:00:00,853
736,interdum eu tincidunt in leo,2019-12-25 00:00:00,194
737,velit id pretium iaculis diam erat fermentum justo nec,2019-10-19 00:00:00,326
738,eleifend pede libero quis orci nullam molestie nibh in lectus,2019-11-07 00:00:00,828
739,integer ac neque duis bibendum morbi,2019-09-16 00:00:00,898
740,sociis natoque penatibus et magnis dis parturient montes nascetur,2019-05-21 00:00:00,570
741,gravida nisi at nibh in hac habitasse,2020-04-16 00:00:00,875
742,justo nec condimentum neque sapien placerat ante nulla justo,2019-09-16 00:00:00,403
743,luctus et ultrices posuere cubilia,2019-12-22 00:00:00,316
744,ac consequat metus sapien ut nunc vestibulum ante,2020-01-24 00:00:00,313
745,placerat ante nulla justo aliquam,2019-10-10 00:00:00,788
746,congue eget semper rutrum nulla nunc purus,2019-05-26 00:00:00,545
747,tristique in tempus sit amet sem,2019-06-17 00:00:00,237
748,morbi sem mauris laoreet ut rhoncus aliquet,2019-05-30 00:00:00,939
749,pulvinar lobortis est phasellus sit amet erat nulla tempus vivamus,2020-02-24 00:00:00,601
750,sit amet turpis elementum ligula vehicula,2019-05-24 00:00:00,248
751,ut erat curabitur gravida nisi at nibh in,2019-09-17 00:00:00,824
752,massa id lobortis convallis tortor risus,2020-01-18 00:00:00,505
753,in eleifend quam a odio in hac habitasse platea dictumst,2020-01-22 00:00:00,602
754,maecenas pulvinar lobortis est phasellus sit amet erat nulla,2019-08-02 00:00:00,841
755,dui vel sem sed sagittis nam,2019-09-27 00:00:00,644
756,bibendum imperdiet nullam orci pede venenatis non,2020-01-26 00:00:00,342
757,sed accumsan felis ut at dolor quis odio,2019-06-11 00:00:00,564
758,erat quisque erat eros viverra,2020-04-27 00:00:00,88
759,sed ante vivamus tortor duis mattis,2020-04-28 00:00:00,413
760,faucibus orci luctus et ultrices posuere cubilia curae mauris viverra,2020-04-21 00:00:00,393
761,eget eleifend luctus ultricies eu nibh quisque id justo sit,2019-11-14 00:00:00,384
762,nullam orci pede venenatis non sodales sed,2019-07-09 00:00:00,955
763,ultrices libero non mattis pulvinar nulla,2019-08-06 00:00:00,701
764,euismod scelerisque quam turpis adipiscing,2019-05-13 00:00:00,124
765,justo lacinia eget tincidunt eget tempus vel pede morbi porttitor,2019-09-22 00:00:00,51
766,dapibus augue vel accumsan tellus nisi eu,2019-05-27 00:00:00,124
767,ac neque duis bibendum morbi non quam nec dui luctus,2020-04-10 00:00:00,814
768,sit amet sem fusce consequat nulla,2019-05-13 00:00:00,523
769,sit amet diam in magna bibendum imperdiet nullam orci pede,2020-03-18 00:00:00,693
770,felis ut at dolor quis odio consequat varius integer,2019-08-12 00:00:00,564
771,vel lectus in quam fringilla rhoncus mauris enim leo,2019-08-13 00:00:00,413
772,integer pede justo lacinia eget tincidunt,2020-03-15 00:00:00,894
773,massa id nisl venenatis lacinia aenean sit amet justo morbi,2020-01-09 00:00:00,123
774,at nulla suspendisse potenti cras in purus eu magna,2019-05-13 00:00:00,74
775,quam nec dui luctus rutrum nulla tellus in sagittis,2019-05-22 00:00:00,476
776,faucibus orci luctus et ultrices posuere,2019-09-26 00:00:00,137
777,tincidunt nulla mollis molestie lorem,2020-02-19 00:00:00,67
778,justo lacinia eget tincidunt eget,2020-03-14 00:00:00,611
779,non quam nec dui luctus rutrum nulla tellus,2019-10-30 00:00:00,654
780,consequat morbi a ipsum integer a nibh in,2020-02-25 00:00:00,358
781,porta volutpat quam pede lobortis ligula sit amet,2019-08-28 00:00:00,428
782,est lacinia nisi venenatis tristique,2019-06-26 00:00:00,215
783,massa donec dapibus duis at,2020-04-29 00:00:00,343
784,blandit ultrices enim lorem ipsum,2020-01-13 00:00:00,539
785,blandit non interdum in ante vestibulum ante,2019-11-04 00:00:00,981
786,erat quisque erat eros viverra eget congue eget semper rutrum,2019-10-21 00:00:00,69
787,vestibulum aliquet ultrices erat tortor,2019-05-24 00:00:00,333
788,habitasse platea dictumst morbi vestibulum velit id pretium iaculis,2020-03-24 00:00:00,591
789,ante ipsum primis in faucibus orci luctus et ultrices,2020-02-27 00:00:00,345
790,justo lacinia eget tincidunt eget tempus vel pede morbi,2019-12-08 00:00:00,909
791,cubilia curae donec pharetra magna vestibulum aliquet ultrices erat tortor,2020-03-13 00:00:00,2
792,ipsum aliquam non mauris morbi non lectus aliquam sit,2019-06-11 00:00:00,313
793,mauris vulputate elementum nullam varius nulla facilisi,2019-10-07 00:00:00,163
794,rhoncus mauris enim leo rhoncus sed vestibulum sit amet,2020-02-07 00:00:00,28
795,nunc commodo placerat praesent blandit nam nulla integer,2020-02-11 00:00:00,827
796,arcu libero rutrum ac lobortis vel dapibus at,2019-12-24 00:00:00,899
797,vel nisl duis ac nibh fusce lacus purus aliquet at,2019-08-28 00:00:00,71
798,elementum nullam varius nulla facilisi,2019-12-13 00:00:00,120
799,ante vel ipsum praesent blandit lacinia erat,2020-04-04 00:00:00,701
800,ornare consequat lectus in est risus auctor,2020-02-04 00:00:00,323
801,sapien sapien non mi integer ac neque duis,2020-02-08 00:00:00,205
802,orci nullam molestie nibh in,2020-03-25 00:00:00,169
803,ipsum dolor sit amet consectetuer adipiscing elit proin interdum,2020-02-15 00:00:00,101
804,eleifend luctus ultricies eu nibh quisque id justo sit amet,2019-08-04 00:00:00,498
805,euismod scelerisque quam turpis adipiscing lorem,2020-01-05 00:00:00,177
806,est lacinia nisi venenatis tristique fusce congue,2019-07-12 00:00:00,338
807,orci luctus et ultrices posuere cubilia,2020-03-12 00:00:00,300
808,convallis morbi odio odio elementum eu,2019-10-02 00:00:00,526
809,ipsum primis in faucibus orci luctus et ultrices posuere cubilia,2019-09-05 00:00:00,423
810,at ipsum ac tellus semper interdum mauris ullamcorper purus sit,2020-03-15 00:00:00,217
811,quis lectus suspendisse potenti in eleifend quam a odio in,2019-09-24 00:00:00,903
812,eros elementum pellentesque quisque porta volutpat erat quisque,2020-02-15 00:00:00,135
813,porttitor pede justo eu massa,2019-10-03 00:00:00,625
814,magna vulputate luctus cum sociis natoque penatibus et magnis,2020-01-29 00:00:00,98
815,a libero nam dui proin leo odio porttitor id,2019-12-07 00:00:00,6
816,non sodales sed tincidunt eu felis fusce,2019-09-07 00:00:00,766
817,pulvinar nulla pede ullamcorper augue a suscipit nulla elit ac,2019-09-25 00:00:00,449
818,morbi porttitor lorem id ligula suspendisse ornare,2019-05-20 00:00:00,714
819,dolor sit amet consectetuer adipiscing elit proin interdum mauris,2019-11-20 00:00:00,391
820,sapien urna pretium nisl ut volutpat sapien arcu sed,2020-02-18 00:00:00,447
821,nulla ac enim in tempor turpis,2019-11-03 00:00:00,769
822,vitae consectetuer eget rutrum at lorem integer,2019-09-05 00:00:00,794
823,morbi quis tortor id nulla ultrices,2020-02-02 00:00:00,666
824,turpis nec euismod scelerisque quam turpis,2019-12-25 00:00:00,12
825,risus praesent lectus vestibulum quam sapien varius ut blandit non,2019-06-30 00:00:00,699
826,id ligula suspendisse ornare consequat lectus,2019-11-14 00:00:00,478
827,in ante vestibulum ante ipsum primis in,2020-04-05 00:00:00,191
828,augue a suscipit nulla elit ac,2019-10-24 00:00:00,250
829,nunc viverra dapibus nulla suscipit ligula in,2019-11-30 00:00:00,830
830,imperdiet sapien urna pretium nisl ut volutpat,2019-05-25 00:00:00,114
831,amet nulla quisque arcu libero rutrum ac,2019-11-27 00:00:00,937
832,sapien placerat ante nulla justo aliquam quis turpis eget,2020-04-30 00:00:00,379
833,volutpat erat quisque erat eros,2020-03-28 00:00:00,498
834,eget eleifend luctus ultricies eu nibh quisque id justo,2019-06-24 00:00:00,603
835,curabitur in libero ut massa volutpat convallis morbi,2019-10-28 00:00:00,739
836,donec posuere metus vitae ipsum aliquam non mauris,2019-12-30 00:00:00,851
837,penatibus et magnis dis parturient montes nascetur ridiculus mus etiam,2020-04-14 00:00:00,453
838,mi pede malesuada in imperdiet et commodo vulputate justo,2019-08-14 00:00:00,754
839,ut volutpat sapien arcu sed,2020-02-01 00:00:00,126
840,amet lobortis sapien sapien non,2020-01-16 00:00:00,872
841,libero convallis eget eleifend luctus ultricies eu,2019-07-03 00:00:00,268
842,nullam porttitor lacus at turpis donec,2020-02-08 00:00:00,477
843,orci luctus et ultrices posuere,2019-07-10 00:00:00,189
844,suspendisse potenti cras in purus,2020-04-11 00:00:00,502
845,hac habitasse platea dictumst maecenas ut,2019-08-26 00:00:00,148
846,hendrerit at vulputate vitae nisl aenean lectus pellentesque,2020-01-22 00:00:00,78
847,nulla nisl nunc nisl duis bibendum,2019-07-01 00:00:00,420
848,vestibulum aliquet ultrices erat tortor sollicitudin mi sit,2019-12-27 00:00:00,448
849,tincidunt nulla mollis molestie lorem quisque ut erat,2019-09-30 00:00:00,194
850,aliquam erat volutpat in congue etiam justo etiam pretium,2019-08-05 00:00:00,450
851,vel pede morbi porttitor lorem id ligula,2019-07-18 00:00:00,428
852,iaculis justo in hac habitasse platea dictumst,2020-03-03 00:00:00,75
853,vel enim sit amet nunc viverra dapibus nulla suscipit ligula,2019-10-03 00:00:00,493
854,dolor vel est donec odio,2020-01-23 00:00:00,796
855,id mauris vulputate elementum nullam,2019-08-14 00:00:00,410
856,sapien cum sociis natoque penatibus et,2019-06-04 00:00:00,401
857,duis bibendum morbi non quam nec dui luctus rutrum nulla,2019-07-25 00:00:00,325
858,nec condimentum neque sapien placerat,2020-02-13 00:00:00,682
859,porttitor pede justo eu massa donec dapibus duis at velit,2019-10-24 00:00:00,569
860,volutpat erat quisque erat eros viverra eget congue eget semper,2019-06-13 00:00:00,528
861,justo in blandit ultrices enim lorem,2019-08-04 00:00:00,360
862,tincidunt in leo maecenas pulvinar lobortis,2019-05-12 00:00:00,598
863,consectetuer eget rutrum at lorem integer tincidunt ante,2019-05-17 00:00:00,865
864,erat vestibulum sed magna at nunc commodo,2020-01-09 00:00:00,489
865,adipiscing elit proin risus praesent lectus vestibulum,2019-08-14 00:00:00,569
866,in magna bibendum imperdiet nullam,2019-05-13 00:00:00,703
867,curabitur convallis duis consequat dui nec nisi volutpat eleifend donec,2019-07-09 00:00:00,545
868,nisl duis bibendum felis sed interdum venenatis turpis enim,2019-10-24 00:00:00,806
869,proin interdum mauris non ligula pellentesque ultrices phasellus,2020-02-24 00:00:00,974
870,pede justo eu massa donec dapibus,2019-12-30 00:00:00,752
871,at nibh in hac habitasse,2020-03-31 00:00:00,341
872,consequat in consequat ut nulla sed,2019-11-30 00:00:00,91
873,vivamus vel nulla eget eros elementum pellentesque quisque porta,2020-04-26 00:00:00,566
874,nisi volutpat eleifend donec ut dolor morbi,2019-11-20 00:00:00,403
875,in felis eu sapien cursus vestibulum,2019-07-20 00:00:00,694
876,ut volutpat sapien arcu sed,2019-11-17 00:00:00,97
877,sit amet cursus id turpis integer,2019-09-23 00:00:00,308
878,lacinia eget tincidunt eget tempus vel pede morbi porttitor lorem,2019-06-10 00:00:00,508
879,velit nec nisi vulputate nonummy maecenas tincidunt lacus at,2020-01-22 00:00:00,160
880,justo nec condimentum neque sapien,2020-04-04 00:00:00,699
881,in tempus sit amet sem fusce consequat nulla nisl,2019-09-22 00:00:00,78
882,lacus curabitur at ipsum ac tellus semper,2019-12-21 00:00:00,59
883,purus sit amet nulla quisque arcu libero rutrum ac lobortis,2019-09-19 00:00:00,621
884,amet sem fusce consequat nulla nisl nunc,2019-05-06 00:00:00,686
885,libero nullam sit amet turpis elementum ligula vehicula consequat morbi,2019-11-22 00:00:00,786
886,platea dictumst maecenas ut massa quis augue,2019-06-04 00:00:00,611
887,donec ut mauris eget massa tempor,2019-10-07 00:00:00,389
888,vel pede morbi porttitor lorem id ligula suspendisse ornare consequat,2019-12-18 00:00:00,125
889,non mauris morbi non lectus aliquam sit amet diam,2020-04-06 00:00:00,271
890,dis parturient montes nascetur ridiculus,2019-06-27 00:00:00,930
891,in hac habitasse platea dictumst aliquam augue,2020-04-01 00:00:00,119
892,nulla pede ullamcorper augue a,2019-11-24 00:00:00,9
893,a ipsum integer a nibh in quis justo,2020-03-25 00:00:00,466
894,semper sapien a libero nam dui,2019-06-29 00:00:00,31
895,luctus cum sociis natoque penatibus et,2019-11-26 00:00:00,837
896,viverra diam vitae quam suspendisse potenti nullam porttitor,2019-09-03 00:00:00,345
897,amet eros suspendisse accumsan tortor quis,2019-06-01 00:00:00,136
898,massa id nisl venenatis lacinia,2019-11-23 00:00:00,442
899,vestibulum ante ipsum primis in faucibus orci luctus,2020-04-30 00:00:00,414
900,nisi volutpat eleifend donec ut dolor morbi vel lectus in,2020-02-07 00:00:00,845
901,magnis dis parturient montes nascetur,2020-02-25 00:00:00,253
902,congue etiam justo etiam pretium iaculis justo in hac habitasse,2019-11-17 00:00:00,498
903,in faucibus orci luctus et,2019-12-25 00:00:00,504
904,sodales scelerisque mauris sit amet eros,2019-08-10 00:00:00,614
905,at vulputate vitae nisl aenean lectus pellentesque eget nunc donec,2019-09-12 00:00:00,104
906,lectus pellentesque eget nunc donec,2019-12-14 00:00:00,532
907,amet turpis elementum ligula vehicula consequat morbi a ipsum integer,2019-10-28 00:00:00,796
908,nonummy maecenas tincidunt lacus at velit vivamus vel,2019-06-26 00:00:00,334
909,ultrices enim lorem ipsum dolor,2019-08-28 00:00:00,222
910,sapien placerat ante nulla justo aliquam quis,2019-11-12 00:00:00,875
911,donec semper sapien a libero nam dui,2019-11-16 00:00:00,267
912,leo odio condimentum id luctus nec molestie sed,2019-09-13 00:00:00,244
913,magna vulputate luctus cum sociis,2020-04-13 00:00:00,973
914,consequat nulla nisl nunc nisl duis bibendum,2019-07-01 00:00:00,429
915,ac diam cras pellentesque volutpat dui maecenas tristique est,2019-09-02 00:00:00,161
916,orci vehicula condimentum curabitur in libero ut,2020-02-08 00:00:00,70
917,id luctus nec molestie sed justo pellentesque viverra,2019-07-24 00:00:00,950
918,aliquam lacus morbi quis tortor id nulla ultrices aliquet,2019-05-29 00:00:00,695
919,consequat morbi a ipsum integer a nibh in quis,2020-03-06 00:00:00,264
920,et ultrices posuere cubilia curae donec pharetra,2019-06-13 00:00:00,466
921,nisl duis bibendum felis sed interdum,2020-02-14 00:00:00,943
922,mi pede malesuada in imperdiet et commodo vulputate justo in,2019-07-01 00:00:00,750
923,dui luctus rutrum nulla tellus in,2020-02-18 00:00:00,339
924,mauris morbi non lectus aliquam sit amet diam,2019-12-13 00:00:00,659
925,odio elementum eu interdum eu tincidunt in,2020-03-17 00:00:00,206
926,donec dapibus duis at velit,2020-02-05 00:00:00,5
927,lobortis est phasellus sit amet erat nulla tempus vivamus in,2020-03-20 00:00:00,360
928,hac habitasse platea dictumst aliquam augue quam sollicitudin,2019-10-04 00:00:00,774
929,vivamus metus arcu adipiscing molestie hendrerit at vulputate vitae nisl,2020-02-15 00:00:00,982
930,quis orci eget orci vehicula condimentum curabitur in,2019-12-24 00:00:00,362
931,congue diam id ornare imperdiet sapien,2020-02-21 00:00:00,258
932,justo nec condimentum neque sapien,2019-05-03 00:00:00,962
933,in tempus sit amet sem fusce consequat nulla,2020-03-24 00:00:00,437
934,purus phasellus in felis donec semper sapien a libero nam,2020-02-12 00:00:00,395
935,nulla ac enim in tempor turpis nec,2020-04-15 00:00:00,530
936,eu interdum eu tincidunt in leo maecenas pulvinar lobortis est,2019-08-12 00:00:00,4
937,vestibulum vestibulum ante ipsum primis,2019-11-26 00:00:00,818
938,felis sed lacus morbi sem mauris laoreet,2020-04-29 00:00:00,544
939,eget elit sodales scelerisque mauris sit amet,2019-07-20 00:00:00,927
940,nisl nunc rhoncus dui vel sem sed sagittis nam congue,2020-02-29 00:00:00,949
941,tellus semper interdum mauris ullamcorper,2019-08-23 00:00:00,666
942,volutpat eleifend donec ut dolor morbi vel lectus in quam,2020-05-02 00:00:00,660
943,sed ante vivamus tortor duis mattis egestas metus aenean,2020-01-19 00:00:00,870
944,blandit non interdum in ante vestibulum ante,2019-07-02 00:00:00,947
945,turpis integer aliquet massa id lobortis convallis tortor risus,2019-07-08 00:00:00,969
946,turpis elementum ligula vehicula consequat morbi a,2019-06-19 00:00:00,28
947,justo nec condimentum neque sapien placerat ante nulla justo,2019-12-05 00:00:00,620
948,natoque penatibus et magnis dis parturient montes,2019-12-11 00:00:00,623
949,eros vestibulum ac est lacinia nisi venenatis tristique fusce,2019-11-06 00:00:00,648
950,odio in hac habitasse platea dictumst,2020-03-17 00:00:00,27
951,nulla tempus vivamus in felis eu sapien cursus vestibulum proin,2019-10-20 00:00:00,845
952,vulputate justo in blandit ultrices,2019-08-08 00:00:00,532
953,magna ac consequat metus sapien ut nunc vestibulum,2019-05-30 00:00:00,586
954,condimentum id luctus nec molestie sed justo,2019-07-03 00:00:00,569
955,at ipsum ac tellus semper interdum mauris ullamcorper,2020-03-28 00:00:00,749
956,nulla sed vel enim sit amet nunc,2019-09-07 00:00:00,222
957,aenean auctor gravida sem praesent id,2020-01-05 00:00:00,58
958,posuere felis sed lacus morbi sem mauris laoreet ut rhoncus,2020-04-25 00:00:00,243
959,habitasse platea dictumst etiam faucibus,2019-05-14 00:00:00,404
960,vestibulum sed magna at nunc commodo,2020-04-10 00:00:00,176
961,molestie hendrerit at vulputate vitae nisl aenean lectus pellentesque,2019-11-28 00:00:00,153
962,nonummy maecenas tincidunt lacus at,2020-03-26 00:00:00,621
963,neque libero convallis eget eleifend,2019-11-21 00:00:00,379
964,nam nulla integer pede justo lacinia eget tincidunt,2020-01-05 00:00:00,633
965,purus sit amet nulla quisque arcu,2019-12-07 00:00:00,666
966,ante vestibulum ante ipsum primis in faucibus orci,2019-07-11 00:00:00,486
967,vel sem sed sagittis nam,2020-01-08 00:00:00,326
968,orci luctus et ultrices posuere cubilia curae donec pharetra magna,2019-09-16 00:00:00,23
969,primis in faucibus orci luctus et,2019-07-31 00:00:00,231
970,ut odio cras mi pede malesuada in imperdiet et commodo,2020-02-21 00:00:00,773
971,commodo vulputate justo in blandit ultrices enim lorem ipsum dolor,2019-08-27 00:00:00,511
972,nullam varius nulla facilisi cras non,2020-02-12 00:00:00,249
973,in tempor turpis nec euismod scelerisque quam turpis adipiscing,2019-06-15 00:00:00,190
974,rutrum rutrum neque aenean auctor gravida sem praesent,2019-07-30 00:00:00,202
975,amet nunc viverra dapibus nulla suscipit ligula,2019-08-13 00:00:00,675
976,lectus in quam fringilla rhoncus mauris,2019-09-08 00:00:00,359
977,leo rhoncus sed vestibulum sit,2019-10-11 00:00:00,184
978,leo pellentesque ultrices mattis odio donec vitae nisi,2019-09-13 00:00:00,783
979,cursus id turpis integer aliquet massa id lobortis convallis tortor,2019-06-09 00:00:00,129
980,ornare consequat lectus in est risus auctor sed,2019-11-07 00:00:00,413
981,lorem vitae mattis nibh ligula nec,2019-12-01 00:00:00,325
982,dictumst maecenas ut massa quis augue luctus,2019-06-25 00:00:00,44
983,suspendisse potenti cras in purus,2019-12-15 00:00:00,154
984,in lectus pellentesque at nulla suspendisse potenti,2020-02-12 00:00:00,341
985,leo odio condimentum id luctus nec,2019-09-09 00:00:00,59
986,mi in porttitor pede justo eu massa donec dapibus duis,2019-12-31 00:00:00,72
987,est congue elementum in hac habitasse platea,2019-05-13 00:00:00,329
988,luctus et ultrices posuere cubilia curae donec,2019-11-04 00:00:00,219
989,morbi non quam nec dui,2019-12-23 00:00:00,746
990,quisque arcu libero rutrum ac lobortis vel dapibus,2019-11-27 00:00:00,599
991,amet cursus id turpis integer aliquet,2020-02-24 00:00:00,828
992,mauris eget massa tempor convallis nulla neque libero convallis eget,2020-01-17 00:00:00,324
993,proin leo odio porttitor id consequat in consequat,2019-09-23 00:00:00,909
994,a suscipit nulla elit ac nulla,2020-02-09 00:00:00,376
995,hac habitasse platea dictumst morbi vestibulum velit id pretium,2020-01-08 00:00:00,48
996,proin leo odio porttitor id,2019-09-27 00:00:00,895
997,porttitor id consequat in consequat ut nulla sed,2019-10-26 00:00:00,547
998,augue aliquam erat volutpat in congue etiam,2019-07-09 00:00:00,21
999,varius integer ac leo pellentesque ultrices,2019-05-27 00:00:00,645
1000,ligula in lacus curabitur at ipsum ac tellus semper,2019-11-20 00:00:00,39
