1,msearl0,msearl0@icio.us,Maxi,Searl,l4BHNu,2019-11-07 00:00:00,1
2,nscammonden1,nscammonden1@google.de,Nerty,Scammonden,veYCG38Ls1G,2020-03-16 00:00:00,1
3,mwill2,mmanuaud2@wikispaces.com,Miner,NULL,ekmRGx,2019-05-07 00:00:00,1
4,italman3,italman3@webmd.com,Inger,Talman,RumeLV,2020-01-26 00:00:00,1
5,jkobes4,jkobes4@oracle.com,Jaquenetta,Kobes,noXi8dqD,2020-01-02 00:00:00,1
6,hpostles5,hvarndall5@cloudflare.com,Hakeem,NULL,mJ5spR7w,2020-04-17 00:00:00,1
7,agonnely6,agonnely6@engadget.com,Aridatha,Gonnely,64o03QJ,2020-03-16 00:00:00,1
8,chobson7,chobson7@columbia.edu,Chelsey,Hobson,x1BnySA5So,2020-04-10 00:00:00,1
9,cgarrow8,cgamlen8@sakura.ne.jp,Carma,NULL,lInqTlY0tu0p,2019-07-17 00:00:00,1
10,leidler9,leidler9@si.edu,Lorry,Eidler,bxAYO1SJqA2V,2019-10-12 00:00:00,1
11,kbrydona,kbrydona@t.co,Kleon,Brydon,9PrDbbOAu,2020-03-04 00:00:00,1
12,kreadieb,kreadieb@shareasale.com,Kenny,Readie,MsxB3C5Gug,2020-03-08 00:00:00,1
13,jguyetc,jguyetc@apache.org,Jordanna,Guyet,Abox4Q0kJPqX,2020-01-01 00:00:00,1
14,mfilippellod,mfilippellod@nytimes.com,Manolo,Filippello,jE42uP,2020-02-16 00:00:00,1
15,vbaiteye,vbaiteye@wix.com,Vallie,Baitey,TBMRpYH,2019-10-05 00:00:00,1
16,lellensf,lellensf@bloglines.com,Lance,Ellens,lKeuiegv,2019-11-11 00:00:00,1
17,kyellg,kyellg@ebay.com,Knox,Yell,dsvI1S,2019-09-25 00:00:00,1
18,tlovemoreh,dbeallh@nps.gov,NULL,NULL,sP2rUNFg2n6H,2019-09-27 00:00:00,1
19,tgreevesi,jgreevesi@cafepress.com,NULL,Greeves,kSgYBqdr,2019-10-15 00:00:00,1
20,kjansj,kjansj@imgur.com,Krystyna,Jans,jOzKYUUfXu,2020-01-30 00:00:00,1
21,jphilippaultk,jphilippaultk@wunderground.com,Johannes,Philippault,TW9H7Zn,2020-02-26 00:00:00,1
22,djannawayl,djannawayl@java.com,Daune,Jannaway,CXzPvMAh,2019-12-03 00:00:00,0
23,crainvillem,crainvillem@facebook.com,Cassandre,Rainville,jsAbJPsnibXI,2019-06-23 00:00:00,0
24,sleggn,sleggn@cargocollective.com,Stanton,Legg,PjPXfxYe3i,2019-06-07 00:00:00,0
25,chancoxo,cskerretto@phoca.cz,Ciel,NULL,yCPbwF,2019-12-29 00:00:00,1
26,ophilbinp,ophilbinp@japanpost.jp,Obed,Philbin,IhWoyiIH0,2019-09-13 00:00:00,1
27,cgotlingq,cgotlingq@abc.net.au,Celinda,Gotling,EBuMN1OWm14,2020-02-03 00:00:00,0
28,tplaisterr,tplaisterr@wufoo.com,Trixie,Plaister,TAaPnibo,2019-06-01 00:00:00,0
29,dhickens,dhickens@barnesandnoble.com,Deb,Hicken,4JiI9Y,2019-12-07 00:00:00,1
30,sstellt,sstellt@biglobe.ne.jp,Shir,Stell,SFjSYVUOAI,2019-08-17 00:00:00,1
31,gmaruskau,gshaddocku@gravatar.com,Gordan,NULL,d3td1smAy7T,2019-10-01 00:00:00,0
32,pklimpkev,pklimpkev@studiopress.com,Petey,Klimpke,xXQq6AaWY,2019-11-28 00:00:00,1
33,gburdassw,gburdassw@amazon.co.uk,Gwenny,Burdass,jjTCc4,2019-12-24 00:00:00,1
34,ewelldrakex,ewelldrakex@mac.com,Edan,Welldrake,PghVgyF7kF,2020-04-11 00:00:00,1
35,epeschkay,epeschkay@phoca.cz,Emelyne,Peschka,7T98AaoY,2019-07-18 00:00:00,1
36,dwoodwardz,dbaccasz@webs.com,Deirdre,NULL,oPSRrAEBj,2020-03-16 00:00:00,1
37,lclowney10,lclowney10@tumblr.com,Lloyd,Clowney,vo53l3,2020-01-14 00:00:00,1
38,awhalebelly11,awhalebelly11@umn.edu,Antonetta,Whalebelly,UEXEQiuRmy,2019-12-06 00:00:00,1
39,noconor12,narnison12@nsw.gov.au,Nicolas,NULL,xek00rGM,2019-11-12 00:00:00,0
40,aglencrash13,aurvoy13@pbs.org,Averil,NULL,Iy0AWK,2019-08-12 00:00:00,1
41,cflucker14,cflucker14@github.io,Cordula,Flucker,Rii3ZUhKELAc,2020-01-04 00:00:00,1
42,gclissold15,gclissold15@ebay.com,Gisele,Clissold,4WN1dwRF9z7,2019-06-13 00:00:00,1
43,ahainsworth16,lhainsworth16@addthis.com,NULL,Hainsworth,W0mut83,2019-05-16 00:00:00,1
44,msawart17,msawart17@netscape.com,Margery,Sawart,n73lhMfMhUo,2019-08-20 00:00:00,0
45,ewrittle18,ecofax18@marriott.com,Eadie,NULL,wY1f6MW2,2019-10-11 00:00:00,0
46,lnewson19,lnewson19@naver.com,Lamond,Newson,f9OttF,2019-10-26 00:00:00,1
47,mward1a,mward1a@dailymail.co.uk,Mab,Ward,yvaGp1,2019-12-05 00:00:00,1
48,cgoodenough1b,cgoodenough1b@upenn.edu,Court,Goodenough,eidmD4mvfPY,2020-03-31 00:00:00,1
49,ldroghan1c,ldroghan1c@cbsnews.com,Loralie,Droghan,NEnmIHw,2019-05-11 00:00:00,1
50,htankin1d,htankin1d@diigo.com,Harlin,Tankin,dg59pFV1r,2019-06-21 00:00:00,1
51,dalderton1e,dalderton1e@cafepress.com,Dani,Alderton,eYRQlwCdJKzy,2019-12-27 00:00:00,1
52,rbrecknall1f,rbrecknall1f@mozilla.org,Rodrick,Brecknall,PG9FAn,2019-12-13 00:00:00,0
53,slorenzin1g,slorenzin1g@360.cn,Sylvia,Lorenzin,sFdi7N5b,2019-08-15 00:00:00,1
54,rtargett1h,rtargett1h@prnewswire.com,Rufus,Targett,mBQrKKuY,2019-05-26 00:00:00,0
55,hdoyle1i,hminci1i@blogtalkradio.com,Helen,NULL,bR49ACbYyZP,2019-11-06 00:00:00,1
56,oandreou1j,oaffron1j@deviantart.com,Ogden,NULL,cBTQvuc6l9,2019-08-12 00:00:00,1
57,rbrome1k,rrooson1k@berkeley.edu,Rachel,NULL,yhK4eu,2019-06-09 00:00:00,1
58,vpatinkin1l,ipatinkin1l@lycos.com,NULL,Patinkin,hUtqmedTwGc,2020-02-07 00:00:00,1
59,strayford1m,strayford1m@google.com.hk,Shurlocke,Trayford,a7YheyFJ,2019-06-13 00:00:00,1
60,mdibling1n,mgreenland1n@spotify.com,Mattias,NULL,e4aaRwT,2020-03-29 00:00:00,1
61,hbahde1o,hrentilll1o@creativecommons.org,Helen-elizabeth,NULL,cvcyPKjL,2019-12-02 00:00:00,1
62,sbudibent1p,sbudibent1p@a8.net,Symon,Budibent,fbXgYg6x6,2019-05-03 00:00:00,1
63,apipkin1q,apipkin1q@unicef.org,Amalle,Pipkin,bfoe3HAcb,2020-04-25 00:00:00,1
64,tcapeling1r,tcapeling1r@ft.com,Tann,Capeling,OfGpVEZY,2019-06-27 00:00:00,1
65,wputt1s,wputt1s@discuz.net,Windham,Putt,IXxCbva,2019-11-03 00:00:00,1
66,acalverd1t,ahalliburton1t@cam.ac.uk,Ami,NULL,Tt3T3bspR,2020-02-29 00:00:00,1
67,hwasylkiewicz1u,hmoffatt1u@gmpg.org,NULL,NULL,fFKmmhH,2019-12-05 00:00:00,0
68,bjorcke1v,jjorcke1v@mayoclinic.com,NULL,Jorcke,uyxEYSSPFe,2020-04-27 00:00:00,1
69,dwagerfield1w,dwagerfield1w@devhub.com,Dill,Wagerfield,yK3Tn4d,2019-07-17 00:00:00,1
70,rdabnor1x,rdabnor1x@nationalgeographic.com,Ronnie,Dabnor,ZvWEQ2,2019-07-12 00:00:00,1
71,ejosipovic1y,ehandsheart1y@google.it,Edeline,NULL,nt4AOKdF1Hf,2020-01-22 00:00:00,1
72,jovenden1z,jguarnier1z@freewebs.com,Jorie,NULL,s0gJhAaTBWp,2019-08-24 00:00:00,1
73,claughlin20,claughlin20@hp.com,Cassondra,Laughlin,DZDgtNk3avd,2020-04-04 00:00:00,1
74,waugur21,saugur21@who.int,NULL,Augur,F830Ky8jk,2019-08-07 00:00:00,1
75,mpeirce22,mpeirce22@foxnews.com,Marleen,Peirce,wNBtojpej,2020-02-08 00:00:00,1
76,sdykes23,sburgher23@spotify.com,Stephannie,NULL,HquIAcu,2019-12-08 00:00:00,0
77,awannan24,awannan24@exblog.jp,Artus,Wannan,aMcKoiQq,2019-07-14 00:00:00,1
78,hhunter25,hnorville25@amazon.de,Howey,NULL,3ExtoT,2020-02-14 00:00:00,1
79,cmacmenamy26,cmacmenamy26@state.tx.us,Caryn,MacMenamy,TcLJgc3f,2019-08-15 00:00:00,1
80,pbirrane27,jrevell27@soundcloud.com,NULL,NULL,5r6odkv,2020-02-06 00:00:00,1
81,wbertomier28,wbertomier28@cdbaby.com,Wade,Bertomier,NTO1fFv,2019-07-26 00:00:00,1
82,ccartwright29,ccartwright29@bandcamp.com,Charmaine,Cartwright,fJwneHJ3rdxl,2019-12-27 00:00:00,1
83,tcabotto2a,tcabotto2a@berkeley.edu,Trev,Cabotto,Fmz8x59pZ,2019-10-16 00:00:00,1
84,amaccole2b,amaccole2b@tmall.com,Aldon,MacCole,7p5bUD63xl,2019-05-14 00:00:00,1
85,hveart2c,hveart2c@godaddy.com,Hilde,Veart,rhz8bG89jUNm,2019-05-26 00:00:00,1
86,slowensohn2d,glowensohn2d@gizmodo.com,NULL,Lowensohn,usKPJX51f,2020-02-24 00:00:00,0
87,sclemensen2e,sclemensen2e@usnews.com,Sondra,Clemensen,SMjummKlI,2020-02-27 00:00:00,1
88,sswyersexey2f,sswyersexey2f@mlb.com,Shawna,Swyer-Sexey,5UhumR3,2019-11-14 00:00:00,1
89,ahacket2g,ahacket2g@prweb.com,Alonso,Hacket,WqTDNE5,2020-01-15 00:00:00,1
90,czuann2h,cbeardow2h@sbwire.com,Cirillo,NULL,CevSDTWdVhXe,2019-06-23 00:00:00,1
91,cadamovitz2i,cadamovitz2i@merriam-webster.com,Cleo,Adamovitz,3KojNGCL,2020-01-19 00:00:00,1
92,mscrimgeour2j,mscrimgeour2j@bbb.org,Myer,Scrimgeour,imtLTqeoGm,2019-10-05 00:00:00,1
93,frobertsen2k,frobertsen2k@com.com,Franky,Robertsen,uFNsqfTfJe,2019-10-22 00:00:00,1
94,zmates2l,emates2l@weather.com,NULL,Mates,J2bKiXKzrZ4m,2019-05-30 00:00:00,1
95,joscandall2m,joscandall2m@about.me,Jeddy,O'Scandall,ByffeRBzrB,2020-03-27 00:00:00,1
96,bharrema2n,bmaccard2n@altervista.org,Berkeley,NULL,FRqkKMf,2019-09-05 00:00:00,1
97,rglauber2o,rglauber2o@who.int,Ricard,Glauber,mijC5fDmy,2019-05-20 00:00:00,1
98,cricciardiello2p,cricciardiello2p@hostgator.com,Cris,Ricciardiello,Nqg1oNs7pX,2019-05-27 00:00:00,1
99,kzammitt2q,kzammitt2q@disqus.com,Kandy,Zammitt,3YredHZLS1,2019-06-25 00:00:00,1
100,jcaress2r,jcaress2r@arstechnica.com,John,Caress,E1d2GLmJ9,2020-01-12 00:00:00,1
101,esoal2s,ethams2s@deliciousdays.com,Erin,NULL,6i79oxdcnal,2019-11-02 00:00:00,1
102,afearfull2t,afearfull2t@csmonitor.com,Alexander,Fearfull,G3b8g61vLyxa,2019-08-01 00:00:00,1
103,ekimmings2u,ekimmings2u@vkontakte.ru,Emera,Kimmings,ygqWc3tn3zc,2019-09-20 00:00:00,1
104,gfitchet2v,gfitchet2v@google.com.au,Ginny,Fitchet,nQ8awQPV19P,2019-08-20 00:00:00,1
105,rboar2w,rboar2w@google.pl,Roch,Boar,00IBLRrKRgop,2019-05-30 00:00:00,0
106,ashirer2x,ashirer2x@alibaba.com,Alanah,Shirer,HtXARHlJF,2020-01-24 00:00:00,1
107,wminkin2y,wminkin2y@sogou.com,Wilhelmine,Minkin,wNvwHeN9,2020-04-27 00:00:00,1
108,bcollocott2z,bcollocott2z@umich.edu,Benoite,Collocott,WkEtZcKt,2020-02-06 00:00:00,0
109,adurston30,adurston30@alibaba.com,Allin,Durston,68lYXgQ,2020-03-20 00:00:00,1
110,pbilovsky31,pbilovsky31@admin.ch,Penny,Bilovsky,qpvwvyX,2020-03-06 00:00:00,1
111,dogarmen32,dply32@columbia.edu,Delcina,NULL,A42kbaU,2020-04-24 00:00:00,1
112,creadwin33,creadwin33@google.co.uk,Crawford,Readwin,cVCfjiT6HvgT,2020-01-20 00:00:00,0
113,clarmor34,clarmor34@ox.ac.uk,Curtice,Larmor,LpVY4Tb,2020-03-28 00:00:00,1
114,hfallis35,hlunney35@360.cn,Harcourt,NULL,JHGmzfST,2019-05-04 00:00:00,1
115,cspilsted36,cspilsted36@cnet.com,Chickie,Spilsted,E7JiR3ZNd,2020-03-05 00:00:00,1
116,dharrap37,dharrap37@php.net,Duane,Harrap,BPdhamHaNe,2019-07-23 00:00:00,1
117,nduester38,nduester38@networkadvertising.org,Nobe,Duester,oRjegT7,2019-12-19 00:00:00,1
118,clittlejohns39,clittlejohns39@google.cn,Carline,Littlejohns,NV1lUFM,2019-05-06 00:00:00,0
119,emoore3a,emoore3a@businessweek.com,Ericha,Moore,EdOt0zA1,2019-09-01 00:00:00,1
120,vdupre3b,vdupre3b@ow.ly,Vivian,Du Pre,ocdJZZhAIu,2020-02-19 00:00:00,1
121,stalloe3c,spaolino3c@spiegel.de,Sean,NULL,zuIvByjx6K9i,2019-06-25 00:00:00,1
122,mswettenham3d,mswettenham3d@jigsy.com,Marlane,Swettenham,pMww5R,2019-08-14 00:00:00,1
123,tfeldhorn3e,dfeldhorn3e@google.cn,NULL,Feldhorn,L61tWw0dt,2019-07-04 00:00:00,1
124,kburgett3f,khanigan3f@yahoo.com,Karim,NULL,ljpVZrK4yDRK,2019-09-14 00:00:00,1
125,fjuarez3g,fjuarez3g@cocolog-nifty.com,Faber,Juarez,bB3Ih9o,2020-01-30 00:00:00,0
126,cwhitmell3h,cwhitmell3h@unblog.fr,Crysta,Whitmell,YCTiRt,2019-12-11 00:00:00,1
127,lcouzens3i,lcouzens3i@prnewswire.com,Lorrie,Couzens,gDKizzn3,2019-11-13 00:00:00,1
128,jbeaby3j,jrosini3j@discuz.net,Jaime,NULL,gF9JUCz86,2019-10-23 00:00:00,1
129,cmanneville3k,celoi3k@latimes.com,Cacilia,NULL,kIuFQB,2020-02-12 00:00:00,0
130,radamiec3l,radamiec3l@slashdot.org,Reagen,Adamiec,b7XgbUAtZ7yD,2019-06-24 00:00:00,1
131,coats3m,coats3m@sfgate.com,Colline,Oats,dcMTKDu6sn4,2019-08-27 00:00:00,1
132,kring3n,kring3n@github.io,Kermy,Ring,pjEwEv,2020-04-07 00:00:00,0
133,dkornacki3o,dkornacki3o@blogs.com,Dore,Kornacki,BV0xYLgxls,2019-05-02 00:00:00,1
134,rphin3p,rphin3p@technorati.com,Reube,Phin,Qj5qbQ9U,2019-08-21 00:00:00,1
135,cearsman3q,gearsman3q@aboutads.info,NULL,Earsman,J1KRiSwU,2019-12-08 00:00:00,1
136,dpoytres3r,dpoytres3r@fotki.com,Ddene,Poytres,gyIsl6wx5,2020-04-25 00:00:00,1
137,goxbrow3s,goxbrow3s@a8.net,Garfield,Oxbrow,HAPMhRUMxwO,2019-06-04 00:00:00,1
138,meckford3t,meckford3t@g.co,Mona,Eckford,YVuIKsr,2019-09-06 00:00:00,1
139,bodyvoie3u,bodyvoie3u@twitpic.com,Bancroft,O'Dyvoie,CJCV5W,2020-03-13 00:00:00,1
140,mgammade3v,mjolley3v@google.ca,Millard,NULL,dhWp22DGpry,2019-09-15 00:00:00,1
141,jmoyer3w,jmoyer3w@dot.gov,Jenda,Moyer,Yu0dAzcT,2019-09-26 00:00:00,1
142,gpostgate3x,apostgate3x@1688.com,NULL,Postgate,3iGzMqcA,2019-06-28 00:00:00,1
143,cdyke3y,cdyke3y@ovh.net,Cecilius,Dyke,UmSwYkoa51y,2020-04-14 00:00:00,1
144,ckimmitt3z,ckimmitt3z@sciencedaily.com,Charley,Kimmitt,cM4SnIwtj,2019-05-03 00:00:00,1
145,lfoat40,lfoat40@domainmarket.com,Lelia,Foat,HawTyJY04Faa,2019-07-16 00:00:00,1
146,ewolvey41,aconkie41@un.org,NULL,NULL,mraMVai,2019-07-02 00:00:00,1
147,jmcnevin42,lmcnevin42@craigslist.org,NULL,McNevin,8n3atPy,2020-01-31 00:00:00,1
148,gcolman43,ccolman43@baidu.com,NULL,Colman,Wsj3UTLXjvQ,2019-06-08 00:00:00,1
149,bculpen44,bculpen44@hc360.com,Bonni,Culpen,NFcCcc,2020-03-20 00:00:00,1
150,hmackilroe45,amackilroe45@discovery.com,NULL,MacKilroe,yaBISqdkis0P,2019-10-10 00:00:00,0
151,mmealand46,mmealand46@utexas.edu,Morganne,Mealand,xZLpmgo,2019-09-01 00:00:00,0
152,jkollas47,jseywood47@fc2.com,Jerrold,NULL,RI7Mn7g87s,2020-04-09 00:00:00,0
153,slarmor48,slarmor48@reddit.com,Shandee,Larmor,dp8siwZJuh3,2020-01-14 00:00:00,1
154,amacmillan49,amacmillan49@geocities.com,Amil,MacMillan,o24YLmui,2020-04-22 00:00:00,0
155,rminguet4a,rminguet4a@163.com,Rip,Minguet,eNRIHdncY,2020-02-13 00:00:00,1
156,edulake4b,edulake4b@elpais.com,Elna,Dulake,iCidTtdt0L,2019-09-05 00:00:00,1
157,cshilburne4c,cshilburne4c@alexa.com,Cthrine,Shilburne,uvH4OI1V48Vw,2019-11-28 00:00:00,1
158,bflippelli4d,bflippelli4d@printfriendly.com,Bearnard,Flippelli,Me2pSJex,2019-12-18 00:00:00,1
159,alambertson4e,alambertson4e@google.com.hk,Alvina,Lambertson,3whG04A,2020-04-23 00:00:00,0
160,atomowicz4f,atomowicz4f@reference.com,Angel,Tomowicz,c8pxWAtlx,2020-03-28 00:00:00,0
161,mbramsen4g,mbramsen4g@thetimes.co.uk,Milt,Bramsen,ZrJualaKOCTq,2019-07-09 00:00:00,0
162,djohansson4h,sdowse4h@wordpress.org,NULL,NULL,amWOOvSWZY,2019-08-21 00:00:00,1
163,ehablet4i,chablet4i@cdbaby.com,NULL,Hablet,KvkH5t,2019-06-21 00:00:00,1
164,mcrookall4j,mcrookall4j@diigo.com,Mae,Crookall,6w8RDWTDL,2019-07-18 00:00:00,1
165,baylmer4k,baylmer4k@washingtonpost.com,Bryon,Aylmer,NCeAcoUEO63T,2020-01-05 00:00:00,1
166,lflowers4l,lflowers4l@mit.edu,Lois,Flowers,l72ulZFuoQ,2019-05-01 00:00:00,1
167,tkinchlea4m,lfones4m@yellowpages.com,NULL,NULL,kapSmEP9xJ9H,2019-05-28 00:00:00,1
168,tmorgans4n,tmorgans4n@dailymotion.com,Thayne,Morgans,Rabfvaj,2019-10-13 00:00:00,1
169,mpreist4o,mrubra4o@miibeian.gov.cn,Munmro,NULL,oQH1eNAR0,2020-03-21 00:00:00,1
170,tverzey4p,tverzey4p@ezinearticles.com,Terri,Verzey,DguMDy,2019-10-08 00:00:00,1
171,hbeckham4q,hbeckham4q@earthlink.net,Hakim,Beckham,SuZQ7O1m,2019-07-19 00:00:00,1
172,kklouz4r,kklouz4r@irs.gov,Klemens,Klouz,uIjxCOF,2019-08-01 00:00:00,1
173,ebuchan4s,ebuchan4s@ocn.ne.jp,Eirena,Buchan,c5HHQNPmEC,2019-10-13 00:00:00,0
174,bkennan4t,bkennan4t@admin.ch,Base,Kennan,1Nlzl9RDidB6,2019-05-06 00:00:00,1
175,mrosenfelder4u,mrosenfelder4u@usnews.com,Meghann,Rosenfelder,42gat664w76,2019-11-08 00:00:00,1
176,sneild4v,sneild4v@360.cn,Shawnee,Neild,SJbAXtHZVVlq,2020-01-11 00:00:00,1
177,hdemicoli4w,hdemicoli4w@cpanel.net,Hayward,De Micoli,ZxVoPZRhl,2020-03-17 00:00:00,1
178,fgrosvener4x,bgrosvener4x@constantcontact.com,NULL,Grosvener,ANsoqb,2019-07-12 00:00:00,1
179,mprewett4y,mprewett4y@ask.com,Miller,Prewett,QyjQXr,2019-06-29 00:00:00,1
180,fchallens4z,fchallens4z@artisteer.com,Forbes,Challens,xjbRtETW8,2019-07-20 00:00:00,1
181,ktunnah50,kberrey50@domainmarket.com,Kellen,NULL,zUwOc2Mi,2020-02-09 00:00:00,1
182,kwrennall51,kwrennall51@amazon.co.jp,Karlens,Wrennall,EJnq7p1sqr,2019-05-19 00:00:00,1
183,lstoakley52,lstoakley52@sina.com.cn,Lian,Stoakley,EiXrgnl,2020-02-11 00:00:00,1
184,otomicki53,otomicki53@biblegateway.com,Ottilie,Tomicki,DRgYIUU62,2019-09-15 00:00:00,1
185,vbuntine54,vbuntine54@freewebs.com,Vonnie,Buntine,o1rQSAABnF1S,2019-10-18 00:00:00,1
186,clepope55,clepope55@pagesperso-orange.fr,Clary,Lepope,yFuwtI0,2020-02-22 00:00:00,1
187,hvanderplas56,hvanderplas56@fotki.com,Hillary,Vanderplas,mBVBlCSKrn,2019-06-16 00:00:00,1
188,omeadowcroft57,nmeadowcroft57@i2i.jp,NULL,Meadowcroft,Ho8g29g9tTy,2019-08-26 00:00:00,1
189,bmanby58,bmanby58@tmall.com,Bianca,Manby,Ppyta7,2020-04-30 00:00:00,1
190,bmeritt59,bmeritt59@blinklist.com,Bertha,Meritt,4YaYRT,2019-11-24 00:00:00,1
191,bquilliam5a,bquilliam5a@dell.com,Brandi,Quilliam,pZeFV88af,2019-11-21 00:00:00,0
192,espurge5b,espurge5b@theglobeandmail.com,Ewell,Spurge,UQIucYXVppG,2019-05-08 00:00:00,1
193,zkevern5c,zkevern5c@virginia.edu,Zacharias,Kevern,WGPW84,2019-11-19 00:00:00,1
194,nelloway5d,ndumphreys5d@ebay.co.uk,North,NULL,Dlob8Uj,2020-03-24 00:00:00,1
195,blittell5e,blenthall5e@bizjournals.com,Benjy,NULL,3OKsaxw,2019-12-27 00:00:00,0
196,ascotchmer5f,ascotchmer5f@1und1.de,Alvis,Scotchmer,GcRlddumlET,2019-08-16 00:00:00,1
197,rgreenshields5g,rgreenshields5g@fc2.com,Rock,Greenshields,mlbOnqA,2019-08-16 00:00:00,1
198,cbollans5h,cbollans5h@etsy.com,Cicely,Bollans,Fm4mZhu4Kj,2019-06-23 00:00:00,0
199,jriba5i,jriba5i@cocolog-nifty.com,Jefferey,Riba,M1fDwWdrWW5,2020-04-18 00:00:00,1
200,lnare5j,ljepperson5j@ftc.gov,Lorena,NULL,DHclkJLdt,2019-09-19 00:00:00,1
201,skinneir5k,skinneir5k@intel.com,Seana,Kinneir,z6BTX7vpowGq,2019-06-08 00:00:00,1
202,dleynagh5l,dleynagh5l@hostgator.com,Dalton,Leynagh,3O6jCq,2019-06-03 00:00:00,1
203,cbertelsen5m,cbertelsen5m@w3.org,Chucho,Bertelsen,GmmYacb2O2,2019-11-17 00:00:00,1
204,rorodane5n,rorodane5n@ucla.edu,Remington,O'Rodane,eh0O7ndUof9,2019-07-13 00:00:00,0
205,kfourman5o,kfourman5o@va.gov,Kirsteni,Fourman,JtVFn4sFneTf,2019-07-04 00:00:00,0
206,pnardi5p,pnardi5p@nature.com,Paulie,Nardi,mTiBTLL1pc,2019-10-16 00:00:00,1
207,teccles5q,teccles5q@netscape.com,Towney,Eccles,7Z8JLL7Hw8iu,2020-02-10 00:00:00,1
208,kcolecrough5r,kcolecrough5r@engadget.com,Katrina,Colecrough,1uUWJ61QCVSt,2019-07-24 00:00:00,1
209,cpurkiss5s,cpurkiss5s@soundcloud.com,Cole,Purkiss,Aj0wYIDSt,2019-05-10 00:00:00,1
210,dyea5t,dyea5t@behance.net,Daven,Yea,r853pGiK7,2020-01-31 00:00:00,1
211,ppicknett5u,ppicknett5u@php.net,Phoebe,Picknett,EZOnBWx,2019-09-13 00:00:00,1
212,lsimmank5v,lsimmank5v@usgs.gov,Linette,Simmank,tbFuEQ,2019-05-03 00:00:00,1
213,fgreystoke5w,fgreystoke5w@google.ru,Falito,Greystoke,0Ij1oHhV,2020-01-16 00:00:00,0
214,bbuist5x,bbuist5x@theatlantic.com,Bren,Buist,OunnyhVqWOhe,2020-02-17 00:00:00,0
215,jcrosbie5y,jburwood5y@geocities.jp,Jaye,NULL,FRctuLIPXE,2019-09-28 00:00:00,1
216,lthurlbourne5z,lextence5z@sitemeter.com,Lisabeth,NULL,6wRHNLRK,2020-02-17 00:00:00,0
217,nbyforth60,nbyforth60@wsj.com,Norry,Byforth,zhETGkn,2019-08-30 00:00:00,1
218,gpiola61,gpiola61@biglobe.ne.jp,Greer,Piola,qIuAqo,2019-12-17 00:00:00,1
219,dleer62,dleer62@globo.com,Delano,Leer,rCqh8TlkAoou,2020-01-24 00:00:00,0
220,gdolman63,geggleston63@purevolume.com,Giulia,NULL,Il5Imu9C,2020-03-25 00:00:00,1
221,veves64,jeves64@xing.com,NULL,Eves,wDAwkpzZCvIr,2019-09-23 00:00:00,1
222,klhommeau65,klhommeau65@mlb.com,Kendre,L'Hommeau,KuEnr8kqRI3E,2019-05-22 00:00:00,1
223,vedgler66,vedgler66@tinypic.com,Vitoria,Edgler,SNy2SWWvb,2019-05-15 00:00:00,1
224,jsnasel67,jmcgilleghole67@hao123.com,Jandy,NULL,IMDGlRqKxmnC,2019-06-18 00:00:00,1
225,wcoster68,wcoster68@shutterfly.com,Wendi,Coster,my8ZXDP,2019-07-26 00:00:00,1
226,smcenery69,smcenery69@usa.gov,Sylvester,McEnery,hfwOBU8U8i,2019-05-31 00:00:00,1
227,agommes6a,agommes6a@aol.com,Anallese,Gommes,vbO80bgf,2019-12-27 00:00:00,1
228,olerway6b,olerway6b@joomla.org,Otes,Lerway,TM3cPwpeM,2019-08-19 00:00:00,0
229,acrippen6c,acrippen6c@technorati.com,Amanda,Crippen,YOeWvn9,2020-02-08 00:00:00,1
230,icruse6d,icruse6d@va.gov,Issi,Cruse,4KrO5w,2020-04-26 00:00:00,1
231,conians6e,rpostance6e@gnu.org,NULL,NULL,u2Y49D783,2019-12-12 00:00:00,1
232,ncolls6f,ncolls6f@cargocollective.com,Noe,Colls,Nc5oQx4BQ,2020-02-29 00:00:00,1
233,ohagard6g,oshama6g@harvard.edu,Oona,NULL,9oJjipBN9x,2019-07-09 00:00:00,1
234,dcaird6h,dcaird6h@wired.com,Duffy,Caird,eNd3brKuUc,2019-11-15 00:00:00,1
235,cfergyson6i,cfergyson6i@lycos.com,Clara,Fergyson,irYXUJbE,2019-07-22 00:00:00,1
236,jgelly6j,jgelly6j@goo.gl,Junie,Gelly,ZbMdqjlNQe,2019-06-07 00:00:00,1
237,eantoniades6k,bantoniades6k@salon.com,NULL,Antoniades,PYNIeDbfei,2020-04-27 00:00:00,0
238,vwallington6l,vwallington6l@shutterfly.com,Valle,Wallington,g0MEmJsI0LeX,2019-06-14 00:00:00,0
239,twiddows6m,twiddows6m@odnoklassniki.ru,Thorvald,Widdows,Kt3XCx49,2019-06-07 00:00:00,1
240,eokell6n,eokell6n@weather.com,Elsworth,Okell,bAhXVcK,2019-11-05 00:00:00,0
241,dbaldacco6o,dbaldacco6o@oaic.gov.au,Demott,Baldacco,R0AFCeru,2019-08-03 00:00:00,1
242,bgoalby6p,bgoalby6p@feedburner.com,Bess,Goalby,46dsAvRpLn9,2019-08-18 00:00:00,0
243,sadair6q,sadair6q@multiply.com,Sergent,Adair,mw3Yes9lv,2019-12-20 00:00:00,1
244,kyellowley6r,kyellowley6r@google.co.jp,Kore,Yellowley,R0xWo9br,2019-10-02 00:00:00,1
245,acahey6s,acahey6s@mac.com,Aurelie,Cahey,5E4FVH,2019-11-30 00:00:00,1
246,carmiger6t,carmiger6t@usgs.gov,Corabel,Armiger,3NHjTvmc,2020-01-25 00:00:00,1
247,rbrearley6u,rsynnot6u@oaic.gov.au,Rasla,NULL,H6OztxfZ,2019-05-09 00:00:00,1
248,mfulop6v,mfulop6v@mozilla.com,Madalena,Fulop,Hg60dm7Fo,2019-12-04 00:00:00,1
249,lmusso6w,lmusso6w@theguardian.com,Luce,Musso,9FrZLkbPq,2019-10-06 00:00:00,1
250,ntorbeck6x,ntorbeck6x@hubpages.com,Nikolos,Torbeck,m8fz61,2020-02-17 00:00:00,1
251,shaps6y,shaps6y@examiner.com,Shena,Haps,GWIq8lWNu,2019-12-22 00:00:00,1
252,xeasterfield6z,sgullivan6z@webmd.com,NULL,NULL,KXjgB9IZT,2019-11-24 00:00:00,1
253,daberkirder70,daberkirder70@apache.org,Doralynn,Aberkirder,HIt2yO3oZ,2019-06-03 00:00:00,1
254,dkippax71,dkippax71@ezinearticles.com,Davin,Kippax,rHuXQ8Ws,2019-11-04 00:00:00,0
255,rcolyer72,rcolyer72@indiatimes.com,Ramona,Colyer,p6YrOO,2019-07-30 00:00:00,1
256,fleades73,fleades73@ucoz.ru,Fairlie,Leades,W8S5WOO0,2020-03-02 00:00:00,1
257,dgummer74,dgummer74@rakuten.co.jp,Derril,Gummer,CHCifvC,2019-07-31 00:00:00,1
258,mleonards75,mleonards75@cdbaby.com,Moll,Leonards,Y2NYF4WKMV,2020-04-25 00:00:00,1
259,agluyus76,agluyus76@freewebs.com,Alwin,Gluyus,oeEUHm,2019-12-31 00:00:00,1
260,amostyn77,amostyn77@odnoklassniki.ru,Auberon,Mostyn,VVCbQFJwMNu,2020-03-28 00:00:00,0
261,jshilton78,jshilton78@com.com,Johnnie,Shilton,fEkBCn,2019-08-31 00:00:00,1
262,kboxen79,kboxen79@xrea.com,Kary,Boxen,vb3rE1poC,2019-10-19 00:00:00,1
263,fgreswell7a,fgreswell7a@gov.uk,Free,Greswell,r5b5c0tNU,2019-07-15 00:00:00,1
264,foxnam7b,foxnam7b@imageshack.us,Fidelio,Oxnam,1xIN4tTl,2019-06-03 00:00:00,0
265,jstovold7c,jstovold7c@yahoo.co.jp,Jedd,Stovold,myD8DrqhNsR,2019-08-11 00:00:00,1
266,lantoszczyk7d,lantoszczyk7d@psu.edu,Lorelei,Antoszczyk,8r5Caf2,2019-07-07 00:00:00,1
267,clillicrap7e,cradsdale7e@lulu.com,Chas,NULL,vSMSB9s,2020-01-24 00:00:00,1
268,bmarven7f,bnanetti7f@about.me,Boote,NULL,DBLyneC,2019-09-27 00:00:00,1
269,clucken7g,clucken7g@taobao.com,Colman,Lucken,gABT3dM9PHg1,2020-01-15 00:00:00,1
270,wkendred7h,wkendred7h@mozilla.com,Web,Kendred,jNtuYpU,2019-07-13 00:00:00,1
271,skirkam7i,ssouthouse7i@europa.eu,Simone,NULL,gZ7Hlulfel,2020-02-13 00:00:00,1
272,bolorenshaw7j,bbummfrey7j@netvibes.com,Brittani,NULL,BRo7eos,2019-11-07 00:00:00,1
273,mcuberley7k,mripon7k@hhs.gov,Marya,NULL,hFU8MmufS,2019-06-28 00:00:00,1
274,hklagges7l,hklagges7l@devhub.com,Honoria,Klagges,yQTpOuXM4Le,2019-06-06 00:00:00,1
275,zscoon7m,zscoon7m@fc2.com,Zarla,Scoon,9Z1hRgN,2019-10-29 00:00:00,1
276,egummow7n,egummow7n@exblog.jp,Etty,Gummow,qZKO1b,2020-03-28 00:00:00,1
277,vgounet7o,vgounet7o@ft.com,Vinny,Gounet,nx0dmGz1en,2019-10-26 00:00:00,1
278,relcome7p,jelcome7p@virginia.edu,NULL,Elcome,wImhNwvU,2019-10-25 00:00:00,0
279,lrentoul7q,lrentoul7q@dropbox.com,Lara,Rentoul,Qr4iwn,2019-11-24 00:00:00,1
280,creede7r,creede7r@360.cn,Chastity,Reede,oNv712yV1CV,2019-08-13 00:00:00,1
281,kbatecok7s,kbatecok7s@blog.com,Kelli,Batecok,yyGFKB8AN,2020-03-06 00:00:00,1
282,alafranconi7t,alafranconi7t@nba.com,Adriano,Lafranconi,gXanvKs7,2020-01-27 00:00:00,1
283,jmarr7u,jguarin7u@com.com,Jerrie,NULL,yWrLgzMPl,2019-11-12 00:00:00,0
284,lchaffen7v,mchaffen7v@microsoft.com,NULL,Chaffen,9LD1ZfTo,2019-11-28 00:00:00,1
285,smaunders7w,tmaunders7w@apache.org,NULL,Maunders,qzm8X7AC9ptY,2020-02-06 00:00:00,0
286,jdoody7x,jdoody7x@china.com.cn,Jeanine,Doody,OEOy8ypQt,2020-04-11 00:00:00,1
287,rscudder7y,rscudder7y@cbslocal.com,Rick,Scudder,s1SgvG,2020-03-27 00:00:00,1
288,bsilverton7z,bsilverton7z@narod.ru,Bill,Silverton,WkQ0EjE,2019-08-05 00:00:00,1
289,qmayman80,qmayman80@godaddy.com,Queenie,Mayman,WpiXzLw2,2019-11-10 00:00:00,1
290,rvaney81,kvaney81@europa.eu,NULL,Vaney,hzp2k1u,2019-08-28 00:00:00,0
291,dphillcock82,dphillcock82@intel.com,Danette,Phillcock,gMiGwj5ZrMgz,2020-01-11 00:00:00,0
292,nmaudson83,nmaudson83@ycombinator.com,Nickolas,Maudson,Csnd60,2019-08-11 00:00:00,0
293,zlilly84,glilly84@quantcast.com,NULL,Lilly,Ybw2mizIFZHH,2020-02-12 00:00:00,1
294,myelding85,myelding85@list-manage.com,Maryl,Yelding,cvOSZ2,2019-09-21 00:00:00,1
295,swalliker86,swalliker86@dyndns.org,Sander,Walliker,mgIYN0RVjP,2020-02-08 00:00:00,0
296,bmadders87,bbartlet87@etsy.com,Benny,NULL,dLV1PAAXX0,2020-04-21 00:00:00,1
297,htrew88,htrew88@multiply.com,Hartley,Trew,FUZsY6Om6dIY,2020-01-12 00:00:00,0
298,wswindlehurst89,wswindlehurst89@comcast.net,Weider,Swindlehurst,ZslgxCxsp,2019-05-23 00:00:00,1
299,vgeany8a,vpidgeley8a@archive.org,Vance,NULL,mqAN6B6a,2020-01-10 00:00:00,1
300,amonteaux8b,amonteaux8b@apple.com,Arlina,Monteaux,2wpo1t5i,2019-10-24 00:00:00,0
301,lhurry8c,lhurry8c@360.cn,Lynelle,Hurry,tSU8K6,2019-08-12 00:00:00,1
302,enorres8d,eholby8d@smugmug.com,Enrico,NULL,qJqHBgau,2020-02-10 00:00:00,1
303,sfludgate8e,sstatter8e@feedburner.com,Stirling,NULL,BugUyJG,2019-09-24 00:00:00,1
304,tmckim8f,tmckim8f@jugem.jp,Tony,McKim,kmFI04DgJK,2019-12-06 00:00:00,1
305,eskettles8g,eskettles8g@histats.com,Emanuel,Skettles,z3fXKhV,2019-06-10 00:00:00,1
306,otebbs8h,otebbs8h@fotki.com,Oriana,Tebbs,84MA5j4W,2020-02-12 00:00:00,1
307,acattellion8i,acattellion8i@bluehost.com,Aleksandr,Cattellion,KCTRD4CXGO,2019-05-17 00:00:00,0
308,gshearn8j,gshearn8j@furl.net,Gualterio,Shearn,qTlzjKf,2019-08-20 00:00:00,1
309,lmacririe8k,lmacririe8k@tamu.edu,Linzy,MacRirie,9O2XHIyZVl4Z,2019-08-20 00:00:00,1
310,sdartnell8l,sdartnell8l@irs.gov,Sheri,Dartnell,OIE0lRDYPFcD,2019-11-22 00:00:00,1
311,kdearsley8m,kdavidof8m@live.com,Kathryne,NULL,tucDjcNuQt,2019-08-02 00:00:00,1
312,fcanelas8n,bcanelas8n@umn.edu,NULL,Canelas,47H8y1,2019-11-19 00:00:00,1
313,jgytesham8o,tgytesham8o@hatena.ne.jp,NULL,Gytesham,XYVmbkAkE,2019-12-23 00:00:00,1
314,cpettigrew8p,cpettigrew8p@phpbb.com,Carmela,Pettigrew,jyLZFyR3b,2019-06-06 00:00:00,1
315,lsheeran8q,loquirk8q@archive.org,Lynna,NULL,ekyKjQMueL,2020-04-17 00:00:00,1
316,aboothby8r,aboothby8r@trellian.com,Ashlan,Boothby,o6MDXLU8,2019-08-29 00:00:00,1
317,pgowling8s,pgowling8s@alibaba.com,Pamela,Gowling,4dJoGzsaMfCL,2019-06-18 00:00:00,0
318,mcaunce8t,mdennes8t@seesaa.net,Modesty,NULL,SOtChRV,2019-06-07 00:00:00,0
319,mcuppleditch8u,mcuppleditch8u@fastcompany.com,Mattie,Cuppleditch,BQP1au,2019-12-08 00:00:00,1
320,smatushenko8v,lmatushenko8v@cbsnews.com,NULL,Matushenko,LYVZsp0KV,2020-01-01 00:00:00,1
321,cparkisson8w,iparkisson8w@miitbeian.gov.cn,NULL,Parkisson,2Uf5B8LI7q2K,2019-07-08 00:00:00,1
322,ldashper8x,ldashper8x@google.fr,Lannie,Dashper,JPjoUkMrwJ,2020-04-10 00:00:00,1
323,jgatrill8y,jgatrill8y@scribd.com,Jermayne,Gatrill,6t7UKD,2020-01-18 00:00:00,1
324,amurtell8z,amurtell8z@oakley.com,Adi,Murtell,UsAZNB0pwED,2020-02-28 00:00:00,0
325,hrawkesby90,hrawkesby90@phpbb.com,Hernando,Rawkesby,kGcVrKyj,2020-02-01 00:00:00,1
326,eoake91,poake91@japanpost.jp,NULL,Oake,xmIVtBo,2019-09-22 00:00:00,1
327,jdukes92,jdukes92@spotify.com,Jobyna,Dukes,3lFTmkcLDLQu,2019-08-10 00:00:00,1
328,lgilliatt93,lgilliatt93@mit.edu,Liz,Gilliatt,Sd2VtJJFnz,2019-05-07 00:00:00,1
329,pmarxsen94,pmarxsen94@angelfire.com,Petey,Marxsen,WhZQMh8oQO7,2019-10-16 00:00:00,1
330,kmccheyne95,kbirk95@vistaprint.com,Kirstyn,NULL,a6507v6SF,2019-09-21 00:00:00,1
331,cboullin96,cradloff96@wired.com,Claudie,NULL,VILDzwMB,2019-12-12 00:00:00,1
332,dpenchen97,dpenchen97@skyrock.com,Dorry,Penchen,YdLFwjXSUsX,2020-01-24 00:00:00,0
333,tdowman98,tdowman98@drupal.org,Tab,Dowman,ZzTQijA7BN9,2020-01-17 00:00:00,1
334,isymington99,iravel99@pinterest.com,Indira,NULL,C1BwkvmregP,2020-03-15 00:00:00,1
335,fpeachment9a,fpeachment9a@nsw.gov.au,Fletcher,Peachment,I94eVGY3y,2019-07-16 00:00:00,1
336,mremer9b,mremer9b@independent.co.uk,Margareta,Remer,0CMl3X1hNJ,2019-05-18 00:00:00,1
337,skeizman9c,scharrisson9c@pen.io,Sandi,NULL,hNT5ar1DnlR,2020-02-28 00:00:00,0
338,rbehnecke9d,rgroucutt9d@mapquest.com,Reena,NULL,0mSLmWF,2019-05-02 00:00:00,1
339,shayer9e,sdomenge9e@walmart.com,Staffard,NULL,sJlrRi,2019-11-19 00:00:00,1
340,sdyson9f,sdyson9f@cocolog-nifty.com,Selma,Dyson,1vJiF1NfQb,2019-08-12 00:00:00,0
341,acroxon9g,acroxon9g@example.com,Antone,Croxon,Zc7zbg4F,2019-08-22 00:00:00,1
342,lhughland9h,lhughland9h@irs.gov,Lilllie,Hughland,LnNcQe3aP,2020-02-09 00:00:00,1
343,mpau9i,mpau9i@theguardian.com,Michael,Pau,PhcfgxzUc0,2019-06-28 00:00:00,1
344,rhumpherston9j,rhumpherston9j@wsj.com,Rubetta,Humpherston,mB3pv8Jmx6f,2019-08-06 00:00:00,1
345,awyldbore9k,iwyldbore9k@wordpress.com,NULL,Wyldbore,69zFyEQGvW,2019-08-31 00:00:00,1
346,cerswell9l,serswell9l@google.pl,NULL,Erswell,YO9xCGJY,2019-08-27 00:00:00,1
347,abickerstaff9m,abickerstaff9m@jiathis.com,Amalee,Bickerstaff,0ahUd3G2Y,2019-07-18 00:00:00,1
348,grape9n,vrape9n@creativecommons.org,NULL,Rape,pi98pWj,2019-10-05 00:00:00,1
349,mdrysdale9o,ldrysdale9o@unicef.org,NULL,Drysdale,5bOfWD,2019-05-27 00:00:00,1
350,aempson9p,aempson9p@facebook.com,Artemis,Empson,bKdJh9,2020-02-04 00:00:00,1
351,screek9q,screek9q@prweb.com,Sheryl,Creek,t0LoVOV1rhut,2019-05-29 00:00:00,0
352,gventon9r,gkunat9r@arizona.edu,Gerda,NULL,qmoFcYDSApv,2019-09-06 00:00:00,0
353,nbrewster9s,nbrewster9s@home.pl,Nady,Brewster,11Ais4a,2019-10-14 00:00:00,1
354,jthirsk9t,rthirsk9t@com.com,NULL,Thirsk,fl12NbsYYp,2019-07-07 00:00:00,1
355,clumsdale9u,clumsdale9u@feedburner.com,Carly,Lumsdale,2xavLX4tXJ,2019-09-09 00:00:00,0
356,jyurikov9v,jfanthome9v@mail.ru,Jamesy,NULL,BDn6miyXD,2019-05-02 00:00:00,1
357,dsiddall9w,msiddall9w@unicef.org,NULL,Siddall,lqOnLw,2019-06-04 00:00:00,0
358,ecarde9x,ecarde9x@blogtalkradio.com,Edyth,Carde,t5hhfP,2020-01-27 00:00:00,1
359,dferronier9y,dferronier9y@telegraph.co.uk,Dyan,Ferronier,TJJnogxG,2019-07-23 00:00:00,1
360,wburleigh9z,wanton9z@edublogs.org,Willi,NULL,E6mJGFqvih,2019-09-22 00:00:00,1
361,mkigelmana0,mkigelmana0@imdb.com,Mohandas,Kigelman,Yz5FpsuOzG,2019-10-10 00:00:00,1
362,dplaka1,dplaka1@yellowbook.com,Darya,Plak,bMlsh161,2019-06-13 00:00:00,1
363,cvipana2,cseida2@wired.com,Claudell,NULL,c9756CsUo,2020-02-24 00:00:00,1
364,mwilemana3,mfeldmarka3@amazon.de,Moritz,NULL,9uMCXgJ,2020-04-12 00:00:00,1
365,rmannocka4,rmannocka4@angelfire.com,Rosa,Mannock,yheOoqB,2019-07-04 00:00:00,1
366,lgeraulda5,laltona5@mac.com,Lynnelle,NULL,XSgeYk1,2020-01-19 00:00:00,1
367,lionna6,lionna6@unicef.org,Lief,Ionn,XMPWqpV0rW,2020-01-09 00:00:00,1
368,aandrewa7,acottya7@vistaprint.com,Arlinda,NULL,aBQ85qBS0t,2019-11-02 00:00:00,0
369,kvandenboscha8,kvandenboscha8@nps.gov,Kinna,Van den Bosch,roBiTx,2020-01-20 00:00:00,1
370,rfreddia9,rfreddia9@who.int,Rolfe,Freddi,2HJm2j,2019-08-03 00:00:00,1
371,fnaulaa,knaulaa@fc2.com,NULL,Naul,3Gv9mXe0cun,2020-04-30 00:00:00,1
372,jshillitoeab,jshillitoeab@51.la,Jeno,Shillitoe,Vj3EZEJZYIKq,2019-06-14 00:00:00,1
373,cchatenierac,cdeliaac@networksolutions.com,Cal,NULL,7IMdl9,2020-04-13 00:00:00,0
374,opietraszekad,opietraszekad@shinystat.com,Ozzy,Pietraszek,WFwEwIGP,2020-01-12 00:00:00,1
375,hrickcordae,hrickcordae@posterous.com,Helge,Rickcord,wRdTDlJMzwH,2020-04-30 00:00:00,1
376,mpoloaf,mpoloaf@hp.com,Maynord,Polo,7XEh5NlyLpB,2019-05-21 00:00:00,0
377,dvannikovag,dvannikovag@sfgate.com,Daryn,Vannikov,fs1BHbj,2020-02-27 00:00:00,0
378,cphoenixah,cphoenixah@bigcartel.com,Cathrin,Phoenix,XCk7Sgv8Vw,2020-02-21 00:00:00,1
379,lmcclenanai,lmcclenanai@stanford.edu,Laurie,McClenan,ULJLboqZ,2019-07-23 00:00:00,1
380,jglencroscheaj,jglencroscheaj@fastcompany.com,Jacky,Glencrosche,kmpzNBlQEz9x,2019-08-24 00:00:00,0
381,scurnokak,uarcaseak@hc360.com,NULL,NULL,7jEo5JHck9p,2019-12-29 00:00:00,1
382,hmikalskial,hmikalskial@mashable.com,Hadlee,Mikalski,SHo5NqQ,2019-12-08 00:00:00,1
383,widillam,wstottam@usa.gov,Wildon,NULL,MyfYdFEKPI6,2019-12-04 00:00:00,1
384,wsincockan,wbaggelleyan@eventbrite.com,Waylan,NULL,CN4Xdl9mz,2019-08-06 00:00:00,1
385,hrosentholerao,nmilazzoao@fc2.com,NULL,NULL,NPW6vvot,2019-12-04 00:00:00,1
386,kfeaseyap,kfeaseyap@joomla.org,Korry,Feasey,peLC7Nprw0H,2019-05-21 00:00:00,1
387,lbouldsaq,lbouldsaq@netlog.com,Lenee,Boulds,c48Jqrbz3pM,2020-04-29 00:00:00,1
388,filsonar,filsonar@hibu.com,Fonzie,Ilson,mdN379JEw9H,2019-06-27 00:00:00,1
389,wlomazas,wlomazas@statcounter.com,Winnah,Lomaz,k3UrBun,2020-02-19 00:00:00,1
390,apochetat,apochetat@bloglovin.com,Amerigo,Pochet,1qOwDIffQ0,2019-10-17 00:00:00,1
391,gferribyau,gferribyau@dyndns.org,Garvey,Ferriby,Knr4UQvyOZsr,2019-10-10 00:00:00,0
392,drickmanav,drickmanav@sfgate.com,Delphinia,Rickman,UdVEVy6yi,2019-11-22 00:00:00,1
393,cprobettsaw,cprobettsaw@usnews.com,Cherlyn,Probetts,dxbYPZkX6Puo,2019-06-10 00:00:00,1
394,cmaulinax,cmaulinax@sina.com.cn,Carlita,Maulin,0TNS1B1l,2019-08-10 00:00:00,1
395,tabelaay,tpheasantay@g.co,Tarrance,NULL,lU1blt,2019-11-09 00:00:00,0
396,msmithiesaz,msmithiesaz@moonfruit.com,Maddy,Smithies,43MEWD,2020-01-17 00:00:00,1
397,coloughaneb0,coloughaneb0@163.com,Corbie,O'Loughane,FXnYtgtzqtK,2019-07-03 00:00:00,0
398,sskullyb1,sskullyb1@infoseek.co.jp,Samantha,Skully,kBARdj8s,2019-08-20 00:00:00,1
399,asibyllab2,asibyllab2@jalbum.net,Alaric,Sibylla,OUHXxaF5h1KA,2019-11-11 00:00:00,1
400,einkpenb3,einkpenb3@nydailynews.com,Elle,Inkpen,rQAXWEAO,2019-07-20 00:00:00,1
401,jsantacroleb4,jsantacroleb4@bluehost.com,Jed,Santacrole,LLwWQ4vzr,2019-09-26 00:00:00,1
402,jeddlestonb5,aeddlestonb5@va.gov,NULL,Eddleston,Jorzd72hzQ,2019-08-24 00:00:00,1
403,cdonavanb6,cdonavanb6@arstechnica.com,Carlye,Donavan,x4W8DkzU4iVN,2020-02-01 00:00:00,1
404,mantoneyb7,mantoneyb7@hibu.com,Megan,Antoney,XgGG1GUwB,2020-01-10 00:00:00,1
405,tmitchardb8,tmitchardb8@about.com,Tana,Mitchard,mszsrIG2aG,2019-11-27 00:00:00,1
406,cbiddellb9,cbiddellb9@fc2.com,Chery,Biddell,IikiHs6j,2019-05-07 00:00:00,0
407,ibradnockba,ibradnockba@simplemachines.org,Iosep,Bradnock,w5hKP4,2020-03-31 00:00:00,1
408,hdwerryhousebb,jdwerryhousebb@craigslist.org,NULL,Dwerryhouse,Eyx2jLs,2020-02-06 00:00:00,1
409,mcorhardbc,mmacdiarmondbc@booking.com,Milly,NULL,Zj0TS2L,2020-04-27 00:00:00,1
410,ilanfranconibd,ilanfranconibd@youku.com,Ida,Lanfranconi,WEXjFW5,2019-06-03 00:00:00,0
411,orissombe,orissombe@arstechnica.com,Obie,Rissom,X2jGqItTs,2019-06-30 00:00:00,0
412,gcoppinbf,gcoppinbf@lulu.com,Guido,Coppin,3oRRVGfW,2019-05-06 00:00:00,1
413,kivanenkovbg,kivanenkovbg@slideshare.net,Kordula,Ivanenkov,vhrhWYJcGym,2019-09-07 00:00:00,0
414,hcullipbh,hcullipbh@arizona.edu,Harmon,Cullip,ItZRhYZM7,2019-11-03 00:00:00,1
415,cgozneybi,mgozneybi@bigcartel.com,NULL,Gozney,odhsJpsLFD,2019-10-28 00:00:00,1
416,rhayhowbj,rhayhowbj@redcross.org,Rebeka,Hayhow,0QdLkumw,2020-01-24 00:00:00,0
417,nsignebk,nsignebk@163.com,Noell,Signe,3CCmERRtpdV,2020-01-02 00:00:00,1
418,bblestbl,bensorbl@mapy.cz,Beniamino,NULL,Lnd8bEM6eiMo,2019-08-02 00:00:00,1
419,skornilyevbm,sbudgenbm@posterous.com,Sandy,NULL,CSNbDyd,2019-10-30 00:00:00,0
420,jhousebn,jhousebn@ifeng.com,Jennifer,House,kITCoSU2bBf3,2019-07-01 00:00:00,1
421,egrayhambo,egrayhambo@blinklist.com,Emmett,Grayham,2PQhUaPfb,2019-12-22 00:00:00,1
422,mscholtzbp,mscholtzbp@yale.edu,Montgomery,Scholtz,VeVpXvrvZFj,2019-07-08 00:00:00,0
423,asumpterbq,asumpterbq@smugmug.com,Augustina,Sumpter,bjoeGP7yd,2020-02-12 00:00:00,1
424,dluigibr,aluigibr@sitemeter.com,NULL,Luigi,f9JyKpjsvOu,2019-07-03 00:00:00,1
425,dquereebs,acubinbs@slashdot.org,NULL,NULL,KSLWIm,2019-07-29 00:00:00,1
426,mfeaversbt,mfeaversbt@gizmodo.com,Matilda,Feavers,T0QJnQKv,2020-01-04 00:00:00,1
427,dweedenbu,dweedenbu@xrea.com,Dunstan,Weeden,YYGH2I00UM,2019-07-24 00:00:00,1
428,mbeedlebv,mvondracekbv@tinyurl.com,Myrta,NULL,6gMb7Q,2019-06-07 00:00:00,1
429,bdematteisbw,bscholcroftbw@unicef.org,Berty,NULL,A4bMa90I,2019-10-11 00:00:00,1
430,mraistonbx,mraistonbx@cnbc.com,Marlie,Raiston,apAkJg,2020-03-21 00:00:00,0
431,tnealeyby,tnealeyby@bigcartel.com,Thomasina,Nealey,3gu9Qqd4NVe9,2019-12-05 00:00:00,1
432,tdomangebz,tdomangebz@imageshack.us,Tallia,Domange,WYjO8STgU7bE,2020-01-18 00:00:00,1
433,cprocterc0,cprocterc0@smugmug.com,Cullan,Procter,S6Tqe1AL,2019-11-06 00:00:00,1
434,smatejovskyc1,smatejovskyc1@wunderground.com,Shalom,Matejovsky,kAhdcLMy8qsz,2019-06-10 00:00:00,1
435,vnelthorpec2,cnelthorpec2@wp.com,NULL,Nelthorpe,Zth2IpdDbjH,2019-12-24 00:00:00,0
436,jtrevethanc3,jtrevethanc3@prweb.com,Joellyn,Trevethan,yj1DIA,2020-03-19 00:00:00,1
437,jaultc4,jaultc4@sun.com,Jan,Ault,vSunS8un5z,2019-06-14 00:00:00,1
438,csmallpiecec5,csmallpiecec5@apache.org,Cammy,Smallpiece,1tMMAI8MlAAI,2019-12-02 00:00:00,1
439,dgodsafec6,dgodsafec6@fema.gov,Dale,Godsafe,RXfWjSy,2019-05-01 00:00:00,1
440,pgillamc7,agillamc7@cpanel.net,NULL,Gillam,NdufSikx,2019-09-12 00:00:00,1
441,trobleyc8,tmerrileesc8@naver.com,Torie,NULL,BoGzoytGDKhD,2019-09-24 00:00:00,1
442,ebartotc9,ebartotc9@ca.gov,Erica,Bartot,J4wlCig,2019-06-05 00:00:00,1
443,swivellca,swivellca@senate.gov,Salomi,Wivell,MY1Ms90RQk7y,2020-02-05 00:00:00,1
444,rroydencb,rdanbicb@example.com,Rozanne,NULL,Rzypzfba,2020-04-12 00:00:00,1
445,ademeyercc,ademeyercc@behance.net,Ase,De Meyer,UrKQa6DYfU,2019-07-17 00:00:00,1
446,ypickovercd,ypickovercd@opensource.org,Yancy,Pickover,FsnOjyX3D42,2020-01-14 00:00:00,0
447,sleedce,smoinece@mapy.cz,Sheridan,NULL,s3tdhlXdCkI,2019-08-12 00:00:00,1
448,edashkovichcf,etroctorcf@mapy.cz,El,NULL,oczxWL,2020-03-30 00:00:00,1
449,kblunsomcg,kscottesmoorcg@weibo.com,Kriste,NULL,nDCS2vlq6fS,2019-08-07 00:00:00,1
450,esabbatierch,esabbatierch@cisco.com,Erda,Sabbatier,6Lgt5VG,2020-02-22 00:00:00,0
451,htripconyci,htripconyci@opensource.org,Halley,Tripcony,cs6VnSuVU,2019-11-21 00:00:00,1
452,ssellorcj,jsellorcj@ovh.net,NULL,Sellor,KNhmZgxCnxfy,2019-10-09 00:00:00,1
453,sbrasonck,sbrasonck@msn.com,Stevena,Brason,FJXjw9lDWt,2019-05-16 00:00:00,1
454,bozannecl,bozannecl@feedburner.com,Brook,Ozanne,xuV209cn59hN,2019-10-18 00:00:00,1
455,adeboickcm,adeboickcm@arizona.edu,Aurie,Deboick,bGK2v4wk,2019-05-27 00:00:00,1
456,gthorpcn,gthorpcn@fastcompany.com,Gavin,Thorp,8NdVI5XZEm,2020-01-27 00:00:00,1
457,tmoulsdallco,tmoulsdallco@canalblog.com,Tiffy,Moulsdall,3tA9JGsbM,2019-06-20 00:00:00,1
458,cmcclarencecp,csexstonecp@phoca.cz,Colet,NULL,t84oGS,2019-07-06 00:00:00,1
459,gscottinicq,gscottinicq@utexas.edu,Gillian,Scottini,K8pKUHI0hrE,2019-08-13 00:00:00,1
460,bgawkescr,bgawkescr@ow.ly,Bailie,Gawkes,hIZtK5ZJ,2020-04-28 00:00:00,1
461,bbareheadcs,bbareheadcs@shutterfly.com,Burl,Barehead,xCCwDN6g,2020-04-20 00:00:00,1
462,sratterct,sadamouct@youtu.be,Sheryl,NULL,gHlqMlAztqk9,2019-09-08 00:00:00,1
463,akolakcu,ikolakcu@fema.gov,NULL,Kolak,MWqnp753DHl1,2019-10-10 00:00:00,1
464,sscourgiecv,ceakencv@amazon.de,NULL,NULL,U9sxcJEiElX,2020-04-17 00:00:00,1
465,cocullinanecw,cbirtonshawcw@hp.com,Clemmy,NULL,2a0nB0xGWEC,2020-01-30 00:00:00,0
466,bmcgeouchcx,bmcgeouchcx@cocolog-nifty.com,Beret,McGeouch,jFitYJS9,2020-01-22 00:00:00,1
467,bmeccocy,bmeccocy@admin.ch,Bjorn,Mecco,ASMUVsoy1,2019-08-01 00:00:00,1
468,bbisphamcz,bbisphamcz@is.gd,Brooks,Bispham,ydX6stggB,2019-12-26 00:00:00,1
469,nebled0,nebled0@miitbeian.gov.cn,Norbert,Eble,3RUFuPsc,2019-06-17 00:00:00,1
470,kcabottod1,kcabottod1@techcrunch.com,Kayley,Cabotto,W0QjDfQj,2019-06-14 00:00:00,0
471,mswornd2,mroelsd2@sphinn.com,Myles,NULL,8HAKYV8IWIr,2019-08-27 00:00:00,1
472,jgobyd3,jgobyd3@tamu.edu,Judon,Goby,13nxR51mvRu8,2019-09-29 00:00:00,1
473,moneligand4,moneligand4@yelp.com,Marie-ann,O' Neligan,0h6hZv,2020-03-01 00:00:00,1
474,lmccloudd5,lmccloudd5@tiny.cc,Lucie,McCloud,NoS2v2XD,2019-06-30 00:00:00,1
475,vgaitd6,vgaitd6@virginia.edu,Vikki,Gait,ahcjkc,2019-06-13 00:00:00,1
476,cwagend7,cwagend7@noaa.gov,Chloe,Wagen,rcpca17wlX,2020-03-14 00:00:00,1
477,mpythond8,rpythond8@livejournal.com,NULL,Python,HjTF7U,2019-10-18 00:00:00,1
478,dfonted9,lfonted9@earthlink.net,NULL,Fonte,SwJGfi,2019-07-01 00:00:00,1
479,tvennda,tbonifazioda@harvard.edu,Tim,NULL,krksTrLzvCk,2020-02-09 00:00:00,1
480,brappdb,brappdb@zimbio.com,Bird,Rapp,c2wNtzkUkmBM,2019-12-19 00:00:00,1
481,ngergelydc,mgergelydc@google.ru,NULL,Gergely,acrCJl8,2019-12-12 00:00:00,1
482,tbuncedd,tbuncedd@ft.com,Tresa,Bunce,voFIiV,2020-02-11 00:00:00,1
483,lsparsholtde,lsparsholtde@noaa.gov,Lotti,Sparsholt,mzcvju,2020-04-18 00:00:00,1
484,gpiffedf,gpiffedf@accuweather.com,Gillian,Piffe,DZ1VMeov,2020-03-08 00:00:00,1
485,kabeldg,kabeldg@sun.com,Kiersten,Abel,NOiu5OfiENyQ,2020-02-17 00:00:00,1
486,atommeidh,alowredh@tripod.com,Alex,NULL,nK3mq8pRdwOV,2020-02-08 00:00:00,1
487,fpantonedi,fpantonedi@wikia.com,Ferrell,Pantone,BXv5yDzvJX4,2019-06-15 00:00:00,1
488,nbrunigesdj,nbrunigesdj@ow.ly,Napoleon,Bruniges,dOLVY7,2020-02-05 00:00:00,0
489,ssimacekdk,wlathydk@cbc.ca,NULL,NULL,ViaA893DCj,2019-08-15 00:00:00,1
490,vwartondl,vwartondl@wired.com,Vanya,Warton,QyZCS4uHvusf,2020-02-15 00:00:00,1
491,sstruttdm,sstruttdm@smugmug.com,Scarlet,Strutt,TGc4dQ653Y,2019-05-08 00:00:00,1
492,sramsteaddn,sramsteaddn@discuz.net,Shawn,Ramstead,dLaYJMM2GQlk,2019-06-18 00:00:00,1
493,rerickssendo,rerickssendo@bandcamp.com,Renie,Erickssen,Km9qsJ0mIH0l,2020-01-07 00:00:00,1
494,cparadedp,cparadedp@noaa.gov,Cinderella,Parade,cNEBlo0,2020-02-18 00:00:00,1
495,nharlickdq,nharlickdq@rediff.com,Nannie,Harlick,PSncTCHRzC5,2019-11-22 00:00:00,1
496,sgitshamdr,sgitshamdr@fda.gov,Shellysheldon,Gitsham,yI7Bf4in,2020-03-07 00:00:00,0
497,kpickaverds,kpickaverds@wikipedia.org,Kissie,Pickaver,DLT99WXf4,2020-04-16 00:00:00,1
498,kmartensendt,kmartensendt@vk.com,Kalindi,Martensen,KK25lr,2020-03-21 00:00:00,1
499,cidilldu,cidilldu@youtube.com,Collete,Idill,TTqQq0cTXfgP,2019-08-05 00:00:00,1
500,bsoutharddv,bpascowdv@shutterfly.com,Boote,NULL,lX8rJ0KKM,2020-03-17 00:00:00,1
501,wcoklydw,wcoklydw@oaic.gov.au,Will,Cokly,dbpxXRYQAaD,2019-12-10 00:00:00,1
502,npostlewhitedx,npostlewhitedx@amazon.co.jp,Ninnette,Postlewhite,2WSgDOkNyX,2020-01-12 00:00:00,1
503,ahardindy,mhardindy@wikia.com,NULL,Hardin,KwuviP,2019-11-08 00:00:00,1
504,omcowendz,omcowendz@parallels.com,Olivie,McOwen,rzA2mnmTWkn,2020-02-12 00:00:00,1
505,dpoore0,dwhitee0@toplist.cz,Devlen,NULL,NspywDMEze,2019-12-12 00:00:00,1
506,areee1,storrejone1@wired.com,NULL,NULL,LTEYQ7,2020-02-26 00:00:00,0
507,mvaneschie2,mvaneschie2@com.com,Marion,Vaneschi,HxXDWi3U1Z,2019-05-09 00:00:00,1
508,osuchee3,okruscheve3@scribd.com,Onida,NULL,WyFiSBgFeM,2019-10-07 00:00:00,1
509,pbowlesworthe4,pbowlesworthe4@xrea.com,Pepito,Bowlesworth,rRt8tusz,2020-03-22 00:00:00,1
510,ksarree5,ksarree5@vk.com,Karl,Sarre,365QrklSWvn,2019-09-22 00:00:00,0
511,ktowne6,itomblingse6@wufoo.com,NULL,NULL,bXVHmMu5E,2020-03-09 00:00:00,0
512,kkliemkee7,kthornbarrowe7@nps.gov,Katine,NULL,3sQAZobi,2020-02-25 00:00:00,1
513,dkinvane8,dkinvane8@feedburner.com,Denna,Kinvan,FbqjdewNAi,2019-06-06 00:00:00,0
514,amerwee9,amerwee9@wikipedia.org,Atlanta,Merwe,4Bx1yvU7,2019-09-25 00:00:00,1
515,jknappea,jknappea@nature.com,Jackie,Knapp,knbgsFaMfS,2019-07-08 00:00:00,1
516,tuvedaleeb,tuvedaleeb@alibaba.com,Ty,Uvedale,xkGWCJBUeyU6,2019-10-06 00:00:00,1
517,dringwoodec,dringwoodec@list-manage.com,Duncan,Ringwood,XkJ0Ql,2019-11-01 00:00:00,1
518,jcarlsoned,jcarlsoned@reference.com,Justino,Carlson,wQgiLfLp1sJ,2019-10-29 00:00:00,1
519,aipwellee,aipwellee@google.com.br,Anya,Ipwell,Qgohcd4e,2019-09-14 00:00:00,0
520,bameerbegef,bameerbegef@ovh.net,Brig,Ameer-Beg,NPvOxagSS6ch,2019-05-11 00:00:00,1
521,cgasoneg,cgasoneg@de.vu,Culver,Gason,aDsNGrlKiJs,2019-06-22 00:00:00,1
522,sshotbolteh,sshotbolteh@oracle.com,Sigismond,Shotbolt,dVqtUde3,2020-01-20 00:00:00,1
523,hwardeei,hwardeei@ucsd.edu,Helaina,Warde,34SrRG1PzAb,2019-10-26 00:00:00,0
524,ssalergej,ssalergej@fema.gov,Smith,Salerg,ny5c4vJfDJ,2019-10-01 00:00:00,0
525,abeckleyek,abeckleyek@msu.edu,Amby,Beckley,2PjFuVnyH,2019-06-17 00:00:00,1
526,ahaggarel,ahaggarel@berkeley.edu,Annabelle,Haggar,d1xdPuM,2019-09-20 00:00:00,0
527,waiskriggem,waiskriggem@mayoclinic.com,Wrennie,Aiskrigg,kSSEBKqB,2020-02-20 00:00:00,1
528,umessieren,umessieren@answers.com,Ursulina,Messier,0FvHP0P,2020-03-14 00:00:00,1
529,ljozsaeo,ljozsaeo@youtu.be,Lusa,Jozsa,SRHLCw,2019-06-16 00:00:00,1
530,mmottep,mheggieep@discuz.net,Mike,NULL,UGn7CDq3A,2019-11-19 00:00:00,0
531,dcummingeq,dbreukelmaneq@youtu.be,Devlin,NULL,plljUvMO,2020-04-16 00:00:00,1
532,mdinceyer,mdinceyer@bloomberg.com,Mozelle,Dincey,pU94e4UXSN5m,2020-04-07 00:00:00,1
533,blaxenes,blaxenes@furl.net,Bobina,Laxen,FsiFqL3OT2gP,2019-11-25 00:00:00,1
534,chugoninet,chugoninet@sbwire.com,Christoper,Hugonin,LPpn8AfAJO,2019-05-29 00:00:00,1
535,mmackeagueeu,mspondereu@amazon.de,Marrilee,NULL,DLhN8EHG4,2019-08-16 00:00:00,1
536,dloadeev,dgentreauev@cisco.com,Di,NULL,7Jj02kv0,2020-03-28 00:00:00,1
537,moneilew,mleilew@acquirethisname.com,Mose,NULL,VhKskIVej,2019-11-07 00:00:00,1
538,kspatex,kspatex@sun.com,Karoly,Spat,M7R2OAq7s,2019-12-05 00:00:00,0
539,fwintleey,fwintleey@people.com.cn,Franciska,Wintle,3GsycwIKeqt,2019-10-16 00:00:00,1
540,kscarfez,kpoxsonez@elpais.com,Kerr,NULL,JQPGPrxy,2020-02-27 00:00:00,1
541,bostlerf0,bpesslerf0@ow.ly,Beckie,NULL,SluNf8ET7T,2020-03-14 00:00:00,1
542,kvanbrughf1,mvanbrughf1@japanpost.jp,NULL,VanBrugh,qDk7te,2019-08-17 00:00:00,0
543,mtennockf2,ktennockf2@bbc.co.uk,NULL,Tennock,lZ5rMVr,2020-03-08 00:00:00,1
544,gramardf3,ggrestyf3@jimdo.com,Gerladina,NULL,v6KxLuJOQ,2019-07-04 00:00:00,1
545,wcardingf4,wcardingf4@house.gov,Winny,Carding,bvc3D5Xz,2020-01-25 00:00:00,0
546,rfanshawef5,rfanshawef5@gravatar.com,Rafferty,Fanshawe,sDwqWv,2019-09-16 00:00:00,1
547,salldreadf6,valldreadf6@unicef.org,NULL,Alldread,2BnnuzuM1,2019-10-01 00:00:00,1
548,rmccloudf7,rmccloudf7@csmonitor.com,Robinette,McCloud,XEavMj4S1YxI,2020-03-18 00:00:00,1
549,mpandief8,mpandief8@blinklist.com,Minne,Pandie,k33FRj8YY,2019-10-22 00:00:00,1
550,xkeblef9,xkeblef9@marriott.com,Xenia,Keble,cm1nu2Tx4yrx,2019-09-20 00:00:00,1
551,faphalefa,faphalefa@fotki.com,Fraser,Aphale,Pza2c4,2020-03-04 00:00:00,1
552,dhuskfb,dhuskfb@utexas.edu,Dew,Husk,PXUnXB2ib,2019-07-29 00:00:00,0
553,lgudgenfc,lgudgenfc@guardian.co.uk,Leora,Gudgen,JA6PzekyL,2019-08-01 00:00:00,1
554,bdinckefd,bdinckefd@foxnews.com,Brunhilda,Dincke,UdFmTViY,2020-02-07 00:00:00,1
555,qmagnayfe,qmagnayfe@rakuten.co.jp,Quincy,Magnay,e8PlhRUJZW,2020-01-19 00:00:00,1
556,ddambrogiff,ddambrogiff@google.fr,Debera,D'Ambrogi,ndq9ffhCvhv,2019-10-04 00:00:00,1
557,dlindlfg,dlindlfg@vistaprint.com,Dennie,Lindl,q6bF5SOS7YW,2020-04-01 00:00:00,1
558,dheatherfh,dheatherfh@godaddy.com,Darda,Heather,lrLz6ywk8k,2019-05-23 00:00:00,0
559,czealefi,gzealefi@mac.com,NULL,Zeale,9IKXBmwsZyf,2019-06-22 00:00:00,1
560,hborthramfj,hborthramfj@mashable.com,Harriet,Borthram,lnjp22,2020-01-02 00:00:00,1
561,kpulhamfk,zpulhamfk@umn.edu,NULL,Pulham,LKbqJDP,2019-11-24 00:00:00,1
562,pamesfl,pamesfl@sciencedaily.com,Peadar,Ames,DQSGvOSyeyU,2020-02-03 00:00:00,1
563,mjakubiakfm,mjakubiakfm@japanpost.jp,Myrvyn,Jakubiak,0iRkbwj2g0,2019-07-21 00:00:00,1
564,kcastellettifn,kfolomkinfn@ucla.edu,Kin,NULL,JfytjnGYe,2019-12-05 00:00:00,1
565,ahanlonfo,shanlonfo@msn.com,NULL,Hanlon,xDp7uK0uun,2019-07-20 00:00:00,1
566,afritchleyfp,afritchleyfp@earthlink.net,Ayn,Fritchley,vtO1v2MmuTsd,2020-03-08 00:00:00,1
567,phasslocherfq,phasslocherfq@vistaprint.com,Phyllis,Hasslocher,XQlYvHtk,2019-07-10 00:00:00,1
568,hbroscombefr,hbroscombefr@drupal.org,Hetty,Broscombe,JLKHgh,2020-04-26 00:00:00,1
569,twybernfs,twybernfs@sogou.com,Tomlin,Wybern,uWwW8i94,2020-03-30 00:00:00,1
570,tchubbft,tchubbft@washington.edu,Timmy,Chubb,ukmKEpwnx,2019-07-03 00:00:00,0
571,bmaskallfu,fmaskallfu@opera.com,NULL,Maskall,YNH3EC,2019-07-15 00:00:00,0
572,mmcomishfv,mawtyfv@wordpress.com,Minny,NULL,gAdLzieVeNqp,2020-01-16 00:00:00,1
573,hscrivnerfw,hscrivnerfw@google.ru,Humbert,Scrivner,nWdQKpXa7qs3,2020-04-02 00:00:00,1
574,mvandalenfx,mvandalenfx@webs.com,Merrili,Van Dalen,Bp6FVA4,2019-10-16 00:00:00,1
575,aduttfy,amaclarenfy@istockphoto.com,Adele,NULL,GudZQf,2020-03-03 00:00:00,1
576,tmurphyfz,cmurphyfz@edublogs.org,NULL,Murphy,fUULLeZCkrf,2019-10-04 00:00:00,1
577,delgieg0,delgieg0@prweb.com,Dorian,Elgie,uwJ6bQB9,2020-02-01 00:00:00,1
578,afrymang1,afrymang1@whitehouse.gov,Allys,Fryman,sziN8RDW,2019-06-22 00:00:00,1
579,dlarking2,dcockshotg2@sitemeter.com,Danila,NULL,xNm8eyx,2019-11-17 00:00:00,1
580,halmong3,halmong3@google.es,Harris,Almon,i1UxE2P,2020-04-22 00:00:00,1
581,gbalfeg4,gbalfeg4@facebook.com,Gustave,Balfe,Vluvgw,2020-04-06 00:00:00,1
582,cpetrassog5,cpetrassog5@oracle.com,Christoph,Petrasso,jUbFT55B,2019-06-13 00:00:00,0
583,rogborneg6,rogborneg6@opera.com,Reade,Ogborne,1cbTX0,2019-12-14 00:00:00,0
584,tkilshallg7,tmacdonoghg7@360.cn,Theo,NULL,f5iuDtQHE8L,2019-08-31 00:00:00,1
585,cattwoodg8,cattwoodg8@mac.com,Chadwick,Attwood,P1csXm6,2019-05-13 00:00:00,1
586,kespadaterg9,kespadaterg9@ehow.com,Kelli,Espadater,o5VE7GfEqpk,2019-07-11 00:00:00,0
587,aviolletga,aviolletga@sohu.com,Angie,Viollet,h4UP1FSH,2020-03-02 00:00:00,1
588,bcallicottgb,bbogiesgb@samsung.com,Barbie,NULL,Z7XzJitIkq,2020-01-27 00:00:00,1
589,afredsongc,afredsongc@archive.org,Allene,Fredson,Kf17TsGj,2019-10-25 00:00:00,1
590,hbuttreygd,hbuttreygd@rediff.com,Heather,Buttrey,atfyJiP4h,2019-10-09 00:00:00,0
591,kocorranege,kocorranege@360.cn,Kimball,O'Corrane,RVP0WUqyw6,2019-05-23 00:00:00,1
592,ocholwellgf,ocholwellgf@ustream.tv,Orion,Cholwell,gKtxQF0BG2me,2019-05-14 00:00:00,1
593,ctesoegg,rtesoegg@exblog.jp,NULL,Tesoe,1UDJ2CRJ,2019-07-03 00:00:00,1
594,pspatgh,pspatgh@huffingtonpost.com,Phoebe,Spat,JbLBJv,2019-10-03 00:00:00,1
595,dchetwindgi,dchetwindgi@cpanel.net,Derby,Chetwind,wSNDriP,2019-06-15 00:00:00,1
596,czuanelligj,czumfeldegj@bigcartel.com,Crin,NULL,lylV8O,2019-12-30 00:00:00,0
597,cbonigk,lparhamgk@friendfeed.com,NULL,NULL,rTjLqWfiGn2,2019-05-31 00:00:00,1
598,dronnaygl,dronnaygl@npr.org,Dania,Ronnay,tHOYPQL2M,2019-12-13 00:00:00,1
599,jboschmanngm,jboschmanngm@ftc.gov,Jeth,Boschmann,th3ho4W,2019-07-26 00:00:00,1
600,dcockaynegn,dcockaynegn@fda.gov,Derk,Cockayne,4qomjKrKr,2019-06-11 00:00:00,1
601,ccasettigo,ccasettigo@ox.ac.uk,Corbett,Casetti,qyuEa37Iw,2019-06-12 00:00:00,0
602,bgenesegp,bsyredgp@flickr.com,Bev,NULL,EvK1BD0DSo,2020-02-25 00:00:00,1
603,ncleveleygq,ncleveleygq@biglobe.ne.jp,Nealon,Cleveley,WVEXGnxhXU,2020-03-22 00:00:00,1
604,igoodissongr,iraynorgr@wisc.edu,Irvine,NULL,OUf5cSlS,2019-07-14 00:00:00,1
605,jkempshallgs,jkempshallgs@cnbc.com,Jacqui,Kempshall,v1H4kyb1iK,2020-01-26 00:00:00,1
606,pkelledygt,gkelledygt@mozilla.org,NULL,Kelledy,NLx9tlo,2020-03-26 00:00:00,1
607,hyexleygu,hyexleygu@creativecommons.org,Helaine,Yexley,7jSXcNi7tf,2019-05-24 00:00:00,1
608,rnewardgv,rnewardgv@intel.com,Robin,Neward,8qAjo0aLWb,2019-11-02 00:00:00,1
609,bcahengw,bcahengw@dagondesign.com,Blair,Cahen,0kYpq72,2019-11-24 00:00:00,1
610,sbennisongx,sbennisongx@si.edu,Stefano,Bennison,jhbmOADuU5N,2019-06-16 00:00:00,1
611,cbointongy,cpaddengy@zdnet.com,Clevey,NULL,q4eSflokWTJ9,2019-08-06 00:00:00,1
612,lmccutcheongz,lmccutcheongz@gravatar.com,Linda,McCutcheon,JNloQ1fqNEF,2019-09-04 00:00:00,1
613,mvangiffenh0,mvangiffenh0@kickstarter.com,Marcellus,Van Giffen,10jpAZlvUvw,2019-06-03 00:00:00,1
614,musmarh1,musmarh1@technorati.com,Matteo,Usmar,8OinDPKbzUK7,2020-03-16 00:00:00,1
615,olillecraph2,olillecraph2@apache.org,Orella,Lillecrap,MbBDRyb,2019-11-18 00:00:00,1
616,wwherryh3,wwherryh3@telegraph.co.uk,Win,Wherry,2XDtXifhrnI,2019-06-28 00:00:00,1
617,lburtonwoodh4,lburtonwoodh4@salon.com,Lu,Burtonwood,K5rL1N2x04,2019-08-23 00:00:00,1
618,jduplantierh5,jduplantierh5@spotify.com,Jewell,Du Plantier,IUFTcTYCM5,2019-05-26 00:00:00,1
619,mgindghillh6,mgindghillh6@redcross.org,Morena,Gindghill,RQtOHezQt3xV,2020-03-21 00:00:00,1
620,ogockeh7,ogockeh7@nifty.com,Ondrea,Gocke,XAaGtyTY95S,2019-06-19 00:00:00,1
621,ltissierh8,ltissierh8@ezinearticles.com,Lev,Tissier,QMBtPnisCR,2019-09-23 00:00:00,1
622,jtubbh9,jtubbh9@hugedomains.com,Jillane,Tubb,0ft4bJO,2020-04-29 00:00:00,1
623,apettoha,apettoha@spiegel.de,Aloysius,Petto,kSsERDHy,2020-01-06 00:00:00,1
624,jfeedhamhb,jfeedhamhb@cam.ac.uk,Josephina,Feedham,PE1UABMHwSYO,2019-05-30 00:00:00,1
625,arehmhc,arehmhc@mail.ru,Abram,Rehm,oNSPBOK4,2019-11-22 00:00:00,0
626,cpoetzhd,cpoetzhd@china.com.cn,Cleo,Poetz,YC8ikUty60z,2020-02-26 00:00:00,1
627,iborgnehe,mborgnehe@latimes.com,NULL,Borgne,sZK1BNWMCx53,2019-11-19 00:00:00,1
628,tjorihf,tjorihf@tmall.com,Tiebold,Jori,tARClwPuBP,2019-08-23 00:00:00,0
629,dgansbuhlerhg,bgansbuhlerhg@answers.com,NULL,Gansbuhler,LNnXP947tq,2019-12-22 00:00:00,1
630,acliffehh,acliffehh@sohu.com,Anet,Cliffe,nxnedCgElwW,2019-09-03 00:00:00,1
631,bsammehi,bmullinerhi@bigcartel.com,Becki,NULL,byFIfmvjW9bC,2019-12-10 00:00:00,0
632,nmannakeehj,nmannakeehj@amazon.com,Nolana,Mannakee,lAfT3znui,2019-09-01 00:00:00,1
633,rcornbellhk,rcornbellhk@unicef.org,Reube,Cornbell,U39wghW,2020-02-05 00:00:00,1
634,dgisburnehl,dgisburnehl@google.ca,Darcy,Gisburne,XCSbgsX1XK,2019-09-30 00:00:00,1
635,jmcgennishm,jcoombshm@360.cn,Joan,NULL,qme0DXya5,2019-11-08 00:00:00,1
636,bgirauxhn,bgirauxhn@nba.com,Barnie,Giraux,hSN0pkvl,2019-05-17 00:00:00,1
637,fdanzelmanho,fdanzelmanho@amazon.co.jp,Frazier,Danzelman,rTYFOc5q3O,2019-08-09 00:00:00,1
638,rtrewinhp,rtrewinhp@fastcompany.com,Rozanna,Trewin,Bn32Pv3N,2019-12-01 00:00:00,1
639,trampagehq,trampagehq@gov.uk,Thacher,Rampage,Y4RZheM,2019-11-24 00:00:00,1
640,ncleynmanhr,ncleynmanhr@t-online.de,Noella,Cleynman,6jIzlFlqYvK,2019-07-14 00:00:00,0
641,mdelaprellehs,mbaptistehs@edublogs.org,Mariel,NULL,CsRNdgC5XG,2020-04-22 00:00:00,1
642,rpetschelht,rpetschelht@comcast.net,Rikki,Petschel,9zdprWZ,2020-03-17 00:00:00,1
643,bcrombhu,bcrombhu@google.es,Brittan,Cromb,vCQqsIzv7vF,2019-10-16 00:00:00,1
644,nditchetthv,nditchetthv@globo.com,Noelyn,Ditchett,z4A97mbI16wc,2020-01-09 00:00:00,1
645,ckirknesshw,ckirknesshw@weibo.com,Cross,Kirkness,wkXy8sTi1sJ3,2019-10-14 00:00:00,1
646,lreinhx,lbeverstockhx@example.com,Leanna,NULL,lFdqg6B,2020-04-22 00:00:00,1
647,hdionisohy,hdionisohy@pcworld.com,Hinda,Dioniso,sCHpfHiGN1z,2020-02-16 00:00:00,1
648,cmaymanhz,chymerhz@mapquest.com,Catherin,NULL,H77lo0NI2pg,2020-04-09 00:00:00,1
649,mbritziusi0,mbritziusi0@shareasale.com,Marianne,Britzius,cLRUTi,2019-10-14 00:00:00,0
650,vchazieri1,echazieri1@freewebs.com,NULL,Chazier,ymPdYvq,2019-07-27 00:00:00,1
651,cwomersleyi2,cwomersleyi2@about.me,Celestine,Womersley,GFQy0k,2019-07-24 00:00:00,1
652,pdiprosei3,pdiprosei3@apple.com,Phillie,Diprose,u4xkhU,2019-06-01 00:00:00,0
653,ebauldreyi4,ebauldreyi4@dedecms.com,Ewan,Bauldrey,nbZmY18eAcAC,2019-10-13 00:00:00,0
654,vjillinsi5,vjillinsi5@bloglines.com,Vanny,Jillins,hzg5trWOr1I,2020-04-21 00:00:00,1
655,ngolagleyi6,ngolagleyi6@marketwatch.com,Nessi,Golagley,jAmAnKg51,2019-11-12 00:00:00,0
656,cclawleyi7,cclawleyi7@feedburner.com,Cari,Clawley,7oRYlTePo,2019-06-13 00:00:00,1
657,rsommeri8,rsommeri8@amazon.co.uk,Reynold,Sommer,SpVOr8,2019-12-01 00:00:00,1
658,jwyburni9,jwyburni9@homestead.com,Juana,Wyburn,uqdm7tVV0,2019-09-09 00:00:00,1
659,dhammantia,dhammantia@google.pl,Darn,Hammant,ThbU8Q0Au,2019-08-20 00:00:00,1
660,skenninghanib,shathornib@acquirethisname.com,Sharity,NULL,7SW2uyCrGx4S,2020-04-07 00:00:00,1
661,hivashnyovic,givashnyovic@opera.com,NULL,Ivashnyov,M2th6vKeC9,2020-04-03 00:00:00,1
662,cswyerid,cskidmoreid@github.io,Cordelia,NULL,AqhDnEhte,2019-11-09 00:00:00,0
663,wgillbeeie,wgillbeeie@cocolog-nifty.com,Wendy,Gillbee,AbTHL9,2020-04-21 00:00:00,1
664,mbissattif,mbissattif@skype.com,Minna,Bissatt,3lVHG8,2019-09-16 00:00:00,1
665,cleamonig,cedgeig@abc.net.au,Carroll,NULL,2JUJmEMi,2019-09-09 00:00:00,1
666,tspavonih,tspavonih@globo.com,Tamiko,Spavon,lVLsW5n21u,2019-05-09 00:00:00,1
667,britelliii,britelliii@flickr.com,Boyd,Ritelli,MAnOxwNGLFA,2020-02-29 00:00:00,1
668,tpauleyij,tpauleyij@meetup.com,Teddy,Pauley,ueb8EGlNh0,2019-11-27 00:00:00,1
669,jmcgaheyik,jmcgaheyik@tripadvisor.com,Jarrad,McGahey,8maek4M9d,2020-03-16 00:00:00,0
670,tgrouenil,tginniil@nyu.edu,Theresita,NULL,OkuQGK,2020-03-25 00:00:00,0
671,mlavensim,mpadellim@ovh.net,Markos,NULL,ViW1xDWe,2019-10-23 00:00:00,1
672,cmcgawin,cmcgawin@un.org,Claudell,McGaw,6fuhZCmd,2020-01-11 00:00:00,1
673,fvinckio,avinckio@theguardian.com,NULL,Vinck,zCZ7S7KYy,2020-01-31 00:00:00,1
674,mjouannyip,mjouannyip@mtv.com,Mikael,Jouanny,QKLAieClbfh,2019-06-14 00:00:00,0
675,vtavernoriq,vtavernoriq@ning.com,Vi,Tavernor,RSaexgK,2019-11-26 00:00:00,1
676,krouzetir,nrouzetir@plala.or.jp,NULL,Rouzet,T9QxfqmET3bO,2019-05-03 00:00:00,1
677,pwaddingtonis,pwaddingtonis@barnesandnoble.com,Pearline,Waddington,QGuNQPo3n,2019-06-07 00:00:00,1
678,lloadesit,lloadesit@yolasite.com,Letty,Loades,rhXIyjgVo0j,2020-01-09 00:00:00,0
679,fcrightoniu,fflaubertiu@nsw.gov.au,Flem,NULL,19OpVeCrtAnq,2019-05-13 00:00:00,1
680,hpyneiv,hpyneiv@columbia.edu,Hall,Pyne,N2KkvWttUZT,2019-06-06 00:00:00,1
681,wbrumhamiw,wbrumhamiw@bandcamp.com,Willy,Brumham,cTx3H6oPAlm,2019-12-18 00:00:00,0
682,jjensonix,jjensonix@uiuc.edu,Joycelin,Jenson,0gdo16deusfz,2019-10-21 00:00:00,1
683,mmccafferkyiy,mmccafferkyiy@vinaora.com,Madalyn,McCafferky,ydbXNCF9i,2019-10-06 00:00:00,1
684,sgarthiz,sambrosioiz@cafepress.com,Shirline,NULL,cAhFC53hA,2019-08-10 00:00:00,1
685,ngeorgerj0,sgeorgerj0@npr.org,NULL,Georger,ko8rUY6rk,2019-11-10 00:00:00,1
686,epeircej1,speircej1@sourceforge.net,NULL,Peirce,LPYXeUxd,2019-06-20 00:00:00,1
687,mpietrowskij2,mbilovusj2@newsvine.com,Maureen,NULL,8KvlX91,2020-04-07 00:00:00,1
688,nmellingj3,nmellingj3@jugem.jp,Nedi,Melling,bMILyfB,2020-04-04 00:00:00,1
689,hbennisj4,hbennisj4@ft.com,Hilary,Bennis,TeYui9xgzO,2019-06-11 00:00:00,0
690,lrupertij5,lrupertij5@macromedia.com,Luella,Ruperti,n8iN9w,2019-10-23 00:00:00,1
691,hcrierj6,hscrowtonj6@intel.com,Howie,NULL,5Zs8mu9LK,2019-09-24 00:00:00,1
692,bmoattj7,cmoattj7@youtube.com,NULL,Moatt,dh4FRBWQ4zh,2020-03-05 00:00:00,0
693,rbinglej8,rbinglej8@vk.com,Rance,Bingle,5BHYGv,2019-12-07 00:00:00,1
694,fdassindalej9,fdassindalej9@nba.com,Fletch,Dassindale,fiZaLkBC,2019-11-14 00:00:00,1
695,lsiddonja,jsiddonja@usgs.gov,NULL,Siddon,YCsu1lhysqe,2020-04-11 00:00:00,1
696,sgilardonijb,sgilardonijb@bluehost.com,Scott,Gilardoni,YgmqXtCWVS,2019-06-19 00:00:00,1
697,scheerjc,nzumfeldejc@wikipedia.org,NULL,NULL,c86sWwYhi,2019-12-14 00:00:00,0
698,kdufourjd,krobartsjd@g.co,Kennith,NULL,4hiBct,2019-09-09 00:00:00,1
699,ddomleoje,fdomleoje@prnewswire.com,NULL,Domleo,KHUXs1Y,2019-10-14 00:00:00,1
700,bgookjf,bgookjf@princeton.edu,Bret,Gook,85QrKN6v,2019-11-16 00:00:00,1
701,sfuncheonjg,sfuncheonjg@discovery.com,Stirling,Funcheon,docmPiovLf4,2019-05-29 00:00:00,1
702,fonginjh,fonginjh@zimbio.com,Finlay,Ongin,ptWBY5,2020-02-05 00:00:00,1
703,rrippinji,rrippinji@1und1.de,Rudie,Rippin,b3t92HSTpvfb,2019-12-01 00:00:00,1
704,ocairnsjj,ocairnsjj@usda.gov,Olivie,Cairns,C6fWK7nRJsVL,2019-08-01 00:00:00,1
705,troosejk,troosejk@simplemachines.org,Tiler,Roose,WPuMTSgAfLJ,2020-03-11 00:00:00,0
706,rpoguejl,rmaccostojl@timesonline.co.uk,Rosette,NULL,pVIR7WP,2019-09-24 00:00:00,1
707,emorrisjm,emorrisjm@cnn.com,Elias,Morris,0EGRKUM,2019-07-03 00:00:00,1
708,csannesjn,csannesjn@fda.gov,Chevalier,Sannes,ykmwmRuTA9j,2019-12-05 00:00:00,1
709,dclunanjo,dclunanjo@earthlink.net,Daryl,Clunan,ivEKq0RxcqEw,2020-01-05 00:00:00,0
710,biwanickijp,bdevignejp@com.com,Broddy,NULL,vjRnWl1eV2,2020-03-11 00:00:00,1
711,akeelinjq,akeelinjq@army.mil,Arabela,Keelin,ciz1Bdqs3,2020-01-17 00:00:00,1
712,mwoofendenjr,mwoofendenjr@joomla.org,Madison,Woofenden,IyNcJaYZT,2020-03-23 00:00:00,1
713,cbagbyjs,cbagbyjs@princeton.edu,Cal,Bagby,eJYlVBczU1AN,2019-07-21 00:00:00,1
714,tbroaderjt,tbroaderjt@jalbum.net,Thorpe,Broader,4s5nkfmXi6Z,2020-01-02 00:00:00,0
715,mcolkettju,mcolkettju@cnbc.com,Marleah,Colkett,oKt8VQPk9xgq,2020-04-24 00:00:00,1
716,tbelleejv,ttommeojv@mail.ru,Tricia,NULL,L4IxkeX,2019-12-01 00:00:00,1
717,lconerdingjw,lconerdingjw@xing.com,Luce,Conerding,AZmbGSQJq6IH,2020-01-23 00:00:00,1
718,rmapledoramjx,rmapledoramjx@globo.com,Reid,Mapledoram,wsguul,2020-04-27 00:00:00,1
719,hkeherjy,hkeherjy@slideshare.net,Hillard,Keher,NwxGfQziH3E,2019-05-30 00:00:00,1
720,eetchelljz,eetchelljz@canalblog.com,Erina,Etchell,NXPdyOHW,2019-10-17 00:00:00,1
721,cabrahmerk0,cabrahmerk0@mit.edu,Clarey,Abrahmer,z1P81ji,2019-09-15 00:00:00,1
722,sknellerk1,sknellerk1@time.com,Shanna,Kneller,Xf7wuy2sFNy,2019-09-02 00:00:00,1
723,faddekink2,alefeaverk2@businessinsider.com,NULL,NULL,0kZPVq8sORR,2020-01-10 00:00:00,0
724,cmccolgank3,cbourdelk3@blogs.com,Clem,NULL,Oa8N8kGDYdO,2020-01-08 00:00:00,1
725,edonetk4,emammattk4@shutterfly.com,Edna,NULL,hEBCcC,2020-04-16 00:00:00,1
726,mdodshunk5,mdodshunk5@51.la,Marmaduke,Dodshun,zNhsYx,2019-07-13 00:00:00,1
727,ckortk6,ckortk6@cafepress.com,Cob,Kort,5vQ3Xwt,2020-04-20 00:00:00,1
728,wjordink7,wjordink7@gnu.org,Wendi,Jordin,Fz641FJ,2019-11-06 00:00:00,0
729,dslocumbk8,dslocumbk8@t-online.de,NULL,Slocumb,fZNNMDN1p0,2020-03-10 00:00:00,1
730,gmcjuryk9,omcjuryk9@fda.gov,NULL,McJury,UiUrCIc,2020-01-01 00:00:00,1
731,jrosenvasserka,brosenvasserka@cnbc.com,NULL,Rosenvasser,WJdCCJWPxt8v,2020-02-11 00:00:00,1
732,dpagonkb,dpagonkb@lycos.com,Duff,Pagon,UUdT8Er,2020-04-24 00:00:00,0
733,mdymokekc,meliskc@theguardian.com,Meggi,NULL,h6GqUT2l,2019-09-24 00:00:00,1
734,mhammillkd,mmcclymontkd@live.com,Mella,NULL,qhLwZTq2H,2020-01-07 00:00:00,1
735,drigardeauke,dkortingke@addtoany.com,Dennison,NULL,13iXBlMR6,2019-11-15 00:00:00,1
736,shelderkf,scoultonkf@acquirethisname.com,Salome,NULL,VQrcIjc67,2019-09-25 00:00:00,1
737,jcollocottkg,jcollocottkg@salon.com,Joy,Collocott,EWek0q98NjcC,2020-03-07 00:00:00,1
738,mexleykh,pjenickekh@amazon.co.jp,NULL,NULL,Xq4LPU2Ec,2019-12-17 00:00:00,0
739,bfiremanki,bsondlandki@cbsnews.com,Brooks,NULL,8QXIPm7iY,2019-10-31 00:00:00,1
740,ebendankj,ebendankj@vimeo.com,Eleen,Bendan,Nqy5GKJb,2019-06-22 00:00:00,1
741,fstonmankk,gstonmankk@go.com,NULL,Stonman,b0UJa9cRjp,2020-01-27 00:00:00,0
742,rbirdwistlekl,rrowterkl@multiply.com,Roseanna,NULL,5n64HAXry8J4,2020-02-02 00:00:00,1
743,fmasokm,fmasokm@wisc.edu,Freemon,Maso,pI6Bdk,2019-10-30 00:00:00,1
744,rsesonkn,rsesonkn@msn.com,Rochette,Seson,zqiLMjkDzT,2020-04-13 00:00:00,1
745,ahaackko,ahaackko@samsung.com,Anabel,Haack,eoZwiY,2019-12-04 00:00:00,1
746,lcarelesskp,bcarelesskp@hp.com,NULL,Careless,QI0JZTt6McYJ,2019-05-23 00:00:00,1
747,mcallendarkq,mcallendarkq@google.com.hk,Matt,Callendar,eFpzmuh2D,2020-02-22 00:00:00,1
748,dwealekr,dwealekr@disqus.com,Dewain,Weale,OvuvF4r6,2019-12-11 00:00:00,1
749,bthornthwaiteks,bthornthwaiteks@tuttocitta.it,Bianka,Thornthwaite,EIniARmVTcF,2019-10-03 00:00:00,1
750,lbalamkt,mbalamkt@japanpost.jp,NULL,Balam,Psqn326,2019-12-03 00:00:00,1
751,mcoppeardku,mcoppeardku@opensource.org,Margit,Coppeard,YqKsN7W,2020-03-05 00:00:00,1
752,cmarjoribankskv,cmarjoribankskv@com.com,Carmita,Marjoribanks,FTD9n0XZw,2019-07-18 00:00:00,1
753,pskaifedingerthorpekw,pskaifedingerthorpekw@cargocollective.com,Porty,Skaife d'Ingerthorpe,Rt4V7tbBj8,2020-02-16 00:00:00,1
754,jlarcombekx,jjirzikkx@dailymotion.com,Jenn,NULL,cYD2ce,2019-10-09 00:00:00,1
755,ipidginky,pstyleky@wix.com,NULL,NULL,YGNAE34wEa,2019-12-14 00:00:00,1
756,jvasyutichevkz,jvasyutichevkz@furl.net,Jacquelynn,Vasyutichev,ZxC5lNrRGN,2020-04-17 00:00:00,1
757,ccaressl0,ccaressl0@hibu.com,Chico,Caress,T8jBGdQP,2019-11-25 00:00:00,1
758,cjaynesl1,cjaynesl1@ox.ac.uk,Cathee,Jaynes,UG97Ix1yR,2019-07-03 00:00:00,1
759,glafeel2,glafeel2@seesaa.net,Gladi,Lafee,B4tYIxO,2020-03-05 00:00:00,1
760,jspanswickl3,jspanswickl3@goo.gl,Jacquetta,Spanswick,mPla4ImbR,2020-03-04 00:00:00,1
761,xbrierlyl4,xbrierlyl4@google.cn,Xaviera,Brierly,QpD3SaBkW0,2019-06-04 00:00:00,1
762,hsimonichl5,hkosiadal5@moonfruit.com,Horacio,NULL,I22ro0,2019-11-30 00:00:00,1
763,gclarael6,gclarael6@va.gov,Grissel,Clarae,OcVcL5cK26,2019-07-13 00:00:00,0
764,jdorkinsl7,jpinckardl7@jugem.jp,Jannelle,NULL,Knj282,2019-12-31 00:00:00,1
765,skondratyukl8,skondratyukl8@linkedin.com,Sonni,Kondratyuk,C5FNgLSyfcgc,2019-06-21 00:00:00,1
766,mbricknerl9,mbricknerl9@washington.edu,Madalena,Brickner,3pOw5zR,2019-11-05 00:00:00,0
767,aingallla,aingallla@instagram.com,Aeriel,Ingall,RU9X6gUkJr,2019-06-04 00:00:00,1
768,etofaninilb,emcgeneaylb@google.com,Esma,NULL,B6jQkmY,2019-12-28 00:00:00,0
769,ccushworthlc,ccushworthlc@smh.com.au,Courtenay,Cushworth,3bVRldjYsO,2019-10-29 00:00:00,1
770,rfrossellld,rfrossellld@desdev.cn,Rosene,Frossell,LTmmLAo1,2019-09-01 00:00:00,1
771,vmelbyle,vmelbyle@wufoo.com,Virgil,Melby,wb7GXK,2019-11-17 00:00:00,1
772,mgregsonlf,mgregsonlf@yelp.com,Marilin,Gregson,sSb4rdLYFn4,2020-03-01 00:00:00,1
773,rcominellolg,rcominellolg@squidoo.com,Rhea,Cominello,JqzDKLSOLMM,2019-07-14 00:00:00,1
774,hgrimmettlh,hgrimmettlh@jigsy.com,Homer,Grimmett,GrfMQiji,2019-09-05 00:00:00,1
775,afairhallli,afairhallli@chron.com,Arleyne,Fairhall,UBY60eQLI,2019-06-07 00:00:00,1
776,wleversuchlj,wleversuchlj@wufoo.com,Waldo,Leversuch,VjsrJy,2020-02-04 00:00:00,1
777,ploveridgelk,ploveridgelk@ibm.com,Patric,Loveridge,6A5cxY91,2019-10-25 00:00:00,0
778,hgilvaryll,hgilvaryll@usgs.gov,Haily,Gilvary,UjpCUP,2020-01-26 00:00:00,1
779,cmccordlm,cmccordlm@t-online.de,Charissa,McCord,fH8zFAoMfQJ,2020-01-10 00:00:00,1
780,idomekln,idomekln@aol.com,Isadore,Domek,9e1IBBo45icV,2019-12-07 00:00:00,1
781,mchesswaslo,mchesswaslo@biblegateway.com,Meredith,Chesswas,qgOV4cHa,2019-12-09 00:00:00,1
782,ntattersilllp,ntattersilllp@histats.com,Nikkie,Tattersill,AzkHfqk,2019-11-26 00:00:00,1
783,dsemonlq,esemonlq@usda.gov,NULL,Semon,L127IQ8,2020-02-08 00:00:00,0
784,jblowinlr,jblowinlr@ebay.com,Jandy,Blowin,fToQlrfE,2019-10-15 00:00:00,1
785,dcromwellls,dcromwellls@last.fm,Dalis,Cromwell,Y3r8EqC9d,2019-08-05 00:00:00,1
786,ndanneillt,ndanneillt@deliciousdays.com,Nathaniel,Danneil,sfQQOj2,2019-09-27 00:00:00,0
787,trapportlu,nrapportlu@yellowpages.com,NULL,Rapport,FRKkZk65izmE,2019-07-13 00:00:00,1
788,lvolontelv,lvolontelv@abc.net.au,Laetitia,Volonte,XtVvbA9F,2019-09-06 00:00:00,1
789,nblampylw,nblampylw@shinystat.com,Nev,Blampy,1VT0alhAXx90,2019-08-27 00:00:00,0
790,cmarylx,ctantilx@gmpg.org,Cos,NULL,KyQTQao,2019-07-15 00:00:00,1
791,lstainesly,lstainesly@cbslocal.com,Law,Staines,Cl2hX1wt3ytH,2020-04-14 00:00:00,0
792,bsivyerlz,hsmullinlz@economist.com,NULL,NULL,0YoP6o3Od,2020-01-26 00:00:00,1
793,wwilkensonm0,wwilkensonm0@digg.com,Walsh,Wilkenson,YJKr1b2QSy,2020-02-25 00:00:00,1
794,kcatleym1,acatleym1@fastcompany.com,NULL,Catley,CpPwymGSuz,2019-07-31 00:00:00,0
795,sovingtonm2,sovingtonm2@flickr.com,Skell,Ovington,DJ2rjCGKO,2019-06-05 00:00:00,1
796,cglasperm3,cglasperm3@eventbrite.com,Consalve,Glasper,srJ3X9NCZ3,2020-04-07 00:00:00,1
797,ggunningm4,ggunningm4@harvard.edu,Georgianne,Gunning,8VOW1WCgge,2019-09-10 00:00:00,1
798,npeschkem5,ndevillem5@wordpress.com,Nariko,NULL,30cHHZCpIRR,2020-01-05 00:00:00,1
799,lbeggiom6,lbeggiom6@posterous.com,Luciana,Beggio,GBfdYm,2020-01-11 00:00:00,0
800,fpinsonm7,fpinsonm7@cdc.gov,Fey,Pinson,8UCqr3E1FS,2019-08-07 00:00:00,1
801,lbloxamm8,abloxamm8@guardian.co.uk,NULL,Bloxam,Xfgc9cQMJC,2020-04-06 00:00:00,1
802,mfaithornm9,mfaithornm9@admin.ch,Mae,Faithorn,vvioZdbfpI,2020-04-07 00:00:00,1
803,nstoneleyma,nstoneleyma@eventbrite.com,Nan,Stoneley,gVayisE8ZEwW,2019-06-06 00:00:00,0
804,rgaddesmb,rgaddesmb@last.fm,Reba,Gaddes,WPx9DVG,2020-01-20 00:00:00,1
805,aallcoatmc,aallcoatmc@discuz.net,Andie,Allcoat,QE7ZXL4z7rpn,2020-01-09 00:00:00,1
806,sgebbiemd,sgebbiemd@hp.com,Shena,Gebbie,QAvO5Bd2y,2020-03-02 00:00:00,1
807,uhayseyme,uhayseyme@businessweek.com,Una,Haysey,arDYUJ,2020-01-25 00:00:00,1
808,wstambridgemf,mstambridgemf@apache.org,NULL,Stambridge,4gIpT7iqp,2020-03-01 00:00:00,0
809,vshawlmg,vshawlmg@sohu.com,Violetta,Shawl,O1J4nm,2020-03-20 00:00:00,1
810,swinklemh,swinklemh@craigslist.org,NULL,Winkle,fnLKsOG9LgNM,2020-04-20 00:00:00,1
811,hbrookesmi,hbrookesmi@example.com,Humfried,Brookes,kLZ5GC,2019-09-23 00:00:00,1
812,jwellardmj,jwellardmj@lulu.com,Jamill,Wellard,2C9RUCVg3HiK,2019-08-18 00:00:00,1
813,eflorencemk,eflorencemk@nbcnews.com,Elisabeth,Florence,f2Fx3R,2019-05-26 00:00:00,1
814,ibwyeml,ifoldsml@sun.com,Iggie,NULL,jaBPiYu0z,2019-05-24 00:00:00,1
815,mcomizzolimm,rcomizzolimm@tumblr.com,NULL,Comizzoli,r4zw6fRAwP,2020-02-18 00:00:00,0
816,ailyukhovmn,ailyukhovmn@state.gov,Andree,Ilyukhov,3c9YpaoYXWHM,2020-02-29 00:00:00,1
817,rbruckenthalmo,rbruckenthalmo@ow.ly,Rebecca,Bruckenthal,jdzfElRL8sl,2019-05-29 00:00:00,1
818,ecurrormp,ecurrormp@archive.org,Eileen,Curror,8WO0go2XsR6V,2019-07-07 00:00:00,1
819,brookesmq,brookesmq@paginegialle.it,Beverlie,Rookes,xmqnJSh,2019-07-05 00:00:00,1
820,fwesleymr,fwesleymr@buzzfeed.com,Fairlie,Wesley,KeLtGn,2019-05-28 00:00:00,1
821,rterrenms,rterrenms@cnet.com,Rosalia,Terren,uZGCm5eNsdBi,2019-11-07 00:00:00,1
822,dpalfremanmt,dpalfremanmt@mayoclinic.com,Demetria,Palfreman,Vd7Ox6z6og,2019-05-15 00:00:00,1
823,dsmethurstmu,dsmethurstmu@admin.ch,Dene,Smethurst,97YzQ5Rzh,2020-02-12 00:00:00,1
824,jsyredmv,jsyredmv@livejournal.com,Jameson,Syred,8QftJAD0E,2019-10-10 00:00:00,0
825,mcortinmw,medgermw@seattletimes.com,Maggee,NULL,bmvjWstiS5p,2019-06-02 00:00:00,1
826,inorcliffemx,ipaskerfulmx@europa.eu,Ichabod,NULL,UOQ03p3,2019-12-14 00:00:00,1
827,bhazlewoodmy,bhazlewoodmy@simplemachines.org,Bertha,Hazlewood,vTI7AFl1H,2020-03-30 00:00:00,1
828,soaktonmz,soaktonmz@samsung.com,Stanleigh,Oakton,m4Xaja,2020-03-06 00:00:00,1
829,reyrln0,reyrln0@plala.or.jp,Rickert,Eyrl,XnuAlGW,2019-09-30 00:00:00,1
830,ggathn1,ggathn1@myspace.com,Georgine,Gath,CqanjEuwywrJ,2020-03-23 00:00:00,1
831,rkolisn2,gkolisn2@uol.com.br,NULL,Kolis,OZyHbLT,2019-08-22 00:00:00,0
832,kdarbishiren3,kdarbishiren3@plala.or.jp,Karlens,Darbishire,hRJCc7uk7Dq,2020-01-09 00:00:00,1
833,jwilsdonn4,jwilsdonn4@paginegialle.it,Janith,Wilsdon,DE3TzFYwFs,2019-08-24 00:00:00,1
834,jkennfordn5,jkennfordn5@behance.net,Janot,Kennford,HeptjnqMt4k,2019-11-02 00:00:00,1
835,cboldryn6,eyarringtonn6@amazon.co.uk,NULL,NULL,cc0zsqGR,2019-12-23 00:00:00,1
836,jcoffeen7,jhansn7@t-online.de,Jelene,NULL,iZP6tECLt,2019-05-09 00:00:00,0
837,ayaxleyn8,ayaxleyn8@storify.com,Aloise,Yaxley,XL2hjMs0,2019-07-06 00:00:00,1
838,mdurnelln9,mdurnelln9@gov.uk,Meyer,Durnell,8liSvz,2020-01-19 00:00:00,0
839,hreppaportna,hpeterffyna@redcross.org,Herve,NULL,rK3i0jXsp,2020-03-28 00:00:00,1
840,cbrambleynb,ebrambleynb@wikia.com,NULL,Brambley,Igo4W0o0oD,2020-03-10 00:00:00,1
841,agullivannc,agullivannc@woothemes.com,Ag,Gullivan,uBOMUETel,2019-08-29 00:00:00,1
842,glitchmorend,glitchmorend@last.fm,Guntar,Litchmore,X5HpP4k,2019-11-10 00:00:00,1
843,mwheatlandne,mwheatlandne@moonfruit.com,Merry,Wheatland,N2eAEoBOSqU,2020-04-13 00:00:00,0
844,bglassardnf,bglassardnf@creativecommons.org,Barbee,Glassard,j9KlOo8DKO,2020-03-25 00:00:00,1
845,pandring,ployntonng@ftc.gov,Phebe,NULL,aukFWHT8UKI,2020-01-24 00:00:00,1
846,sshearmernh,slangsburynh@pcworld.com,Seline,NULL,4rJj3JXqdjJz,2019-06-09 00:00:00,1
847,fclaremontni,fclaremontni@technorati.com,Felike,Claremont,jn6nY4Do,2019-06-28 00:00:00,1
848,sjonathonnj,sjonathonnj@marriott.com,Stanwood,Jonathon,RndLytKU,2019-11-05 00:00:00,1
849,tpickavancenk,tpickavancenk@salon.com,Terrijo,Pickavance,14mj769gZ,2019-10-04 00:00:00,1
850,tledgernl,tledgernl@twitter.com,Tam,Ledger,tB6kZybr,2019-08-01 00:00:00,1
851,aahernenm,aahernenm@si.edu,Abigale,Aherne,BRJh8rQaf0,2019-05-10 00:00:00,1
852,rhalsallnn,rhalsallnn@lycos.com,Riane,Halsall,KgzEg9XKQWd2,2019-05-07 00:00:00,1
853,gphelipeauxno,gphelipeauxno@google.co.uk,Georgina,Phelipeaux,YanOF1RlxCa,2019-05-31 00:00:00,1
854,sspiersnp,sspiersnp@upenn.edu,Sallyann,Spiers,eprTOXC4h,2019-08-07 00:00:00,1
855,aosullivannq,ablinkhornnq@imdb.com,Analiese,NULL,925tvOizj1,2020-01-16 00:00:00,1
856,tflaxonnr,tflaxonnr@ucsd.edu,Thain,Flaxon,ISzpwJFzWG,2020-04-13 00:00:00,1
857,dkabosns,dkabosns@naver.com,Darya,Kabos,vut8YUBJ,2019-12-05 00:00:00,1
858,gelcent,gelcent@telegraph.co.uk,Gordan,Elce,rtPtRmCXwh,2019-12-29 00:00:00,1
859,tbesekenu,tbesekenu@tiny.cc,Terrye,Beseke,TL8iV7,2019-11-19 00:00:00,1
860,rcasirolinv,rcasirolinv@mediafire.com,Rochella,Casiroli,LsK37j,2019-10-19 00:00:00,1
861,sboswardnw,sboswardnw@dion.ne.jp,Stephi,Bosward,5UME2MIo,2019-07-22 00:00:00,1
862,amissonnx,amissonnx@berkeley.edu,Alecia,Misson,8Nj2HIggoN,2020-01-13 00:00:00,1
863,efoulgerny,eblondelleny@wisc.edu,Eleanore,NULL,lQvjQIYHC,2020-03-04 00:00:00,1
864,rgeronz,rsneppnz@cdc.gov,Rozelle,NULL,VufqkAdYeWc3,2019-05-16 00:00:00,1
865,mwichardo0,mwichardo0@dyndns.org,Min,Wichard,mhMkgxEAyN0,2020-03-18 00:00:00,0
866,dmagowano1,dmagowano1@narod.ru,Danila,Magowan,LqGxg5oecYq,2019-10-09 00:00:00,0
867,gwardingleyo2,gwardingleyo2@cmu.edu,Garreth,Wardingley,6idSGGns,2019-08-20 00:00:00,1
868,cbleiero3,cbleiero3@webmd.com,Camilla,Bleier,8CwEGLaH,2020-03-05 00:00:00,0
869,tshevillo4,tshevillo4@tiny.cc,Timmy,Shevill,K7Hih2h,2019-08-10 00:00:00,1
870,ikervino5,bwilsteado5@nymag.com,NULL,NULL,frB7F8,2020-02-24 00:00:00,0
871,dthomassono6,dthomassono6@merriam-webster.com,Doti,Thomasson,tdzH2cAtgu,2019-08-20 00:00:00,1
872,nbramero7,nmatiebeo7@nsw.gov.au,Nancee,NULL,PeudRa,2019-05-29 00:00:00,1
873,gbrigstocko8,gbrigstocko8@paginegialle.it,Giordano,Brigstock,g7t8DiE1Bzls,2019-12-11 00:00:00,1
874,edamiralo9,edamiralo9@123-reg.co.uk,Emory,Damiral,qUvGR7IR0Da8,2020-04-28 00:00:00,1
875,sphelipsoa,sphelipsoa@imgur.com,Sibylle,Phelips,niX69SBcu1Nt,2019-08-04 00:00:00,0
876,lflageulob,lbeaconob@cornell.edu,Lisbeth,NULL,MjT3pJ1o2qw,2020-01-09 00:00:00,1
877,thayhurstoc,tbartholomausoc@ucla.edu,Theodor,NULL,C4FJvWpTFz8Z,2019-08-11 00:00:00,1
878,dzorerod,dzorerod@toplist.cz,Debora,Zorer,GJ5w2kjcVHY,2020-03-18 00:00:00,1
879,dabsolomoe,dabsolomoe@linkedin.com,Duncan,Absolom,tJ0cNFt1yMu,2020-04-05 00:00:00,1
880,tlampof,tlampof@topsy.com,Thomasine,Lamp,1AhBGoH8PRKH,2019-10-19 00:00:00,1
881,bkyndog,bkyndog@yahoo.co.jp,Billye,Kynd,kI2kC8TS,2019-09-28 00:00:00,1
882,bunittoh,bunittoh@vk.com,Benjy,Unitt,g4YgmdKBUB,2019-11-07 00:00:00,1
883,gbadseyoi,ktinnoi@state.tx.us,NULL,NULL,MV1Wbik,2020-04-03 00:00:00,1
884,chicksoj,chicksoj@mozilla.org,Cortie,Hicks,CzHRS2UbqEjx,2019-08-17 00:00:00,1
885,tlinnardok,tlinnardok@skyrock.com,Tully,Linnard,mzQQWRV,2019-10-14 00:00:00,1
886,blorkingsol,blorkingsol@tinyurl.com,Beniamino,Lorkings,kt6KRsTN3,2019-10-16 00:00:00,0
887,ywhiskerdom,ywhiskerdom@huffingtonpost.com,Yule,Whiskerd,ZNspBJH,2019-08-11 00:00:00,1
888,epurryon,epurryon@google.co.jp,Edd,Purry,0ZtnwmfYNT8,2019-09-22 00:00:00,1
889,cfreeoo,cfreeoo@rediff.com,Candide,Free,URmi3zGX,2019-06-04 00:00:00,1
890,apudanop,apudanop@ucsd.edu,Angelique,Pudan,9zf6LuWt6,2020-04-13 00:00:00,0
891,cbonnetoq,cbonnetoq@utexas.edu,Cory,Bonnet,yk7MJK6,2020-01-22 00:00:00,1
892,kbiasionior,kbiasionior@hhs.gov,Karlik,Biasioni,X1c094,2019-12-04 00:00:00,1
893,hmcinultyos,hmcinultyos@prweb.com,Herminia,McInulty,1F0YokD,2019-07-04 00:00:00,1
894,amiramsot,amiramsot@ebay.com,Alvera,Mirams,KiDMsww,2019-09-22 00:00:00,1
895,amallockou,aravenhillsou@apple.com,Aggy,NULL,hZzW9CGu,2020-04-12 00:00:00,1
896,pcampkinov,psheahanov@springer.com,Penelope,NULL,ZDTmrXy,2019-07-13 00:00:00,1
897,jsergeantow,jsergeantow@soup.io,Jessamine,Sergeant,1pKn03j,2020-01-11 00:00:00,0
898,fredgateox,fredgateox@taobao.com,NULL,Redgate,FA6ndlHD,2020-02-14 00:00:00,1
899,jgarrodoy,jgarrodoy@comsenz.com,Jasmine,Garrod,IaiJnlFMQ9Dy,2019-07-02 00:00:00,1
900,jbrothwelloz,jbrothwelloz@technorati.com,Jenelle,Brothwell,JAvon7,2019-11-20 00:00:00,1
901,mpresnallp0,mpresnallp0@newyorker.com,Maryanna,Presnall,ASuPJP5W4QGV,2019-08-22 00:00:00,0
902,ebernatp1,ebernatp1@aol.com,Ermentrude,Bernat,ISxa12a,2019-12-26 00:00:00,1
903,tstonesp2,tverlingp2@bloglovin.com,Thekla,NULL,lUellRTUOm,2019-06-25 00:00:00,1
904,jstokesp3,jstokesp3@shinystat.com,Janella,Stokes,oUCJKU4PQX7N,2019-10-20 00:00:00,1
905,bpalerp4,bshowlerp4@noaa.gov,Buddie,NULL,Tkiy4cq,2019-05-28 00:00:00,1
906,wpetrussip5,wpetrussip5@bloglines.com,Woodie,Petrussi,EnRKWlOb,2019-10-21 00:00:00,1
907,mharradp6,mraisbeckp6@wufoo.com,Miguelita,NULL,UrkXzm9k42J,2020-01-29 00:00:00,1
908,eclissp7,jclissp7@qq.com,NULL,Cliss,OKF9ITn71nt,2020-03-30 00:00:00,1
909,cashurstp8,cashurstp8@edublogs.org,Corenda,Ashurst,6lMeAjmn5db7,2019-07-23 00:00:00,1
910,jbeardsleyp9,jbeardsleyp9@networkadvertising.org,Jolie,Beardsley,O7qnYwk,2020-02-12 00:00:00,1
911,nlanfarepa,nlanfarepa@psu.edu,Ninnetta,Lanfare,KCnXwk5E9bo,2019-09-13 00:00:00,1
912,bludlempb,bludlempb@icio.us,Brig,Ludlem,NZc6aLMM4H,2019-11-05 00:00:00,1
913,ktunnadinepc,khathwoodpc@ucoz.com,Kendal,NULL,cXYK83J8NVP,2019-08-19 00:00:00,1
914,dlevingspd,dlevingspd@addthis.com,Darleen,Levings,wlIXft,2019-09-10 00:00:00,1
915,peverillpe,peverillpe@archive.org,Parnell,Everill,mf7PLdtJE,2020-02-17 00:00:00,1
916,rarrundalepf,rarrundalepf@linkedin.com,Rheta,Arrundale,dCHjjh,2019-10-27 00:00:00,1
917,bcurnockpg,bcurnockpg@liveinternet.ru,Berti,Curnock,C8RFozPJy98y,2020-03-08 00:00:00,1
918,krideph,krideph@goodreads.com,Kendra,Ride,HCgdHR,2019-05-23 00:00:00,0
919,apickfordpi,apickfordpi@jigsy.com,Annmaria,Pickford,G8ec6DueTA8,2019-10-25 00:00:00,1
920,trosindillpj,trosindillpj@disqus.com,Timmy,Rosindill,ZU00X6jqslm,2019-05-29 00:00:00,0
921,facremanpk,facremanpk@1und1.de,Fianna,Acreman,IKO6PS,2020-01-07 00:00:00,1
922,aboothpl,aboothpl@arizona.edu,Adi,Booth,vxJnrFjd2ltv,2020-03-20 00:00:00,1
923,rbirdpm,rjentonpm@harvard.edu,Rosalyn,NULL,hjC6mk,2020-04-28 00:00:00,1
924,rgaginpn,rgaginpn@devhub.com,Randi,Gagin,GzBfBN,2019-07-06 00:00:00,1
925,mtalbypo,mtalbypo@columbia.edu,Maury,Talby,ylfbvNFqy,2019-08-21 00:00:00,1
926,cpudsallpp,cmingauldpp@networkadvertising.org,Chev,NULL,CQ2Gc7AHs,2019-08-31 00:00:00,1
927,dchallacepq,dchallacepq@macromedia.com,Delilah,Challace,JFF9fd21BcqX,2019-08-20 00:00:00,1
928,ckerreypr,ckerreypr@domainmarket.com,Carr,Kerrey,yDwj5GS498,2020-01-25 00:00:00,1
929,xwycliffps,xwycliffps@digg.com,Xylia,Wycliff,QDFyvN,2019-09-08 00:00:00,1
930,ntorelpt,ntorelpt@artisteer.com,Nickola,Torel,prjR1vPROec,2020-03-04 00:00:00,1
931,zfarlambepu,zfarlambepu@fema.gov,Zaria,Farlambe,6lHIWamfMyS,2019-05-13 00:00:00,1
932,smcgarviepv,rmcgarviepv@army.mil,NULL,McGarvie,Uuj2B5WRp1E,2019-07-20 00:00:00,1
933,ghaughinpw,jhaughinpw@unc.edu,NULL,Haughin,yqQlmYDmQ,2019-05-09 00:00:00,1
934,ghummpx,ghummpx@cyberchimps.com,Gaspard,Humm,ugasQYybtFr,2019-07-29 00:00:00,0
935,ihuskissonpy,ihuskissonpy@livejournal.com,Inness,Huskisson,n16d8NlyG,2019-10-15 00:00:00,1
936,rgurrypz,tgurrypz@utexas.edu,NULL,Gurry,SvovoMMrMr,2019-10-18 00:00:00,1
937,bgentreauq0,bgentreauq0@blogspot.com,Bentlee,Gentreau,6WXrD19nlEmc,2019-09-08 00:00:00,1
938,jbalyq1,jbrattyq1@com.com,Janifer,NULL,gIwvEXQ,2019-10-13 00:00:00,1
939,agilhouleyq2,agilhouleyq2@baidu.com,Aldin,Gilhouley,xYGJdlEE0NOM,2020-02-15 00:00:00,1
940,cdysterq3,kdysterq3@statcounter.com,NULL,Dyster,SbOBiiFe,2020-04-26 00:00:00,0
941,awolverq4,awolverq4@domainmarket.com,Arlen,Wolver,PJhv4mj5WhR,2019-09-01 00:00:00,0
942,jothenq5,dothenq5@lulu.com,NULL,Othen,6KV4yhzB35,2019-05-11 00:00:00,1
943,crodgmanq6,crodgmanq6@ibm.com,Chuck,Rodgman,JUPMlWUiI68,2019-06-04 00:00:00,1
944,dolennikovq7,volennikovq7@aboutads.info,NULL,Olennikov,gcHM5yVvl,2019-09-16 00:00:00,1
945,cwincerq8,cwincerq8@vk.com,Chan,Wincer,vLQ3Mfuq,2019-05-07 00:00:00,0
946,epinckneyq9,epinckneyq9@hc360.com,Evangeline,Pinckney,HpJTsnWF,2019-10-14 00:00:00,0
947,rkitchinqa,rmellowsqa@de.vu,Russell,NULL,KjrdBT,2019-08-01 00:00:00,1
948,mgovanqb,mgovanqb@joomla.org,Mirabelle,Govan,iByJxaWJ1xG,2019-11-12 00:00:00,1
949,amackimqc,amackimqc@tmall.com,Anatole,MacKim,KUhzW2,2019-12-29 00:00:00,1
950,awilkinsonqd,awilkinsonqd@intel.com,Anet,Wilkinson,SJ29lC2lvHN,2020-03-05 00:00:00,1
951,asaylorqe,asaylorqe@1688.com,Alec,Saylor,lH0X1HLd0,2019-05-07 00:00:00,0
952,jbalaizotqf,jbalaizotqf@sina.com.cn,Jeannette,Balaizot,wMwiji7D6,2020-03-25 00:00:00,0
953,ldorsetqg,ldorsetqg@utexas.edu,NULL,Dorset,82LtDj4,2020-03-22 00:00:00,1
954,htweedieqh,htweedieqh@blogtalkradio.com,Harriette,Tweedie,6hR1jeKjseM,2019-11-12 00:00:00,1
955,mpedroqi,mpedroqi@theglobeandmail.com,Maye,Pedro,s6lmGGQc,2020-03-09 00:00:00,1
956,hmeffinqj,hmeffinqj@pinterest.com,Helen,Meffin,8VL8BDbnjH,2020-03-30 00:00:00,1
957,iemmaqk,iemmaqk@irs.gov,Ibby,Emma,ttI7RTpkHwW2,2019-07-26 00:00:00,1
958,mhulburtql,mhulburtql@gov.uk,Mariel,Hulburt,4OhFpgClk,2019-07-21 00:00:00,1
959,dkobusqm,dkobusqm@samsung.com,Duffie,Kobus,vX4JluQ,2019-10-13 00:00:00,1
960,cstutelyqn,ccuberleyqn@intel.com,Cissiee,NULL,5akSdmyK,2019-06-25 00:00:00,0
961,bneadsqo,bneadsqo@netlog.com,Bert,Neads,3pQksCOM8hK4,2019-09-24 00:00:00,1
962,cvaissiereqp,cglassupqp@umich.edu,Charlie,NULL,Ht7dmuwqQ,2019-11-01 00:00:00,1
963,acadellqq,acadellqq@tripadvisor.com,Albert,Cadell,dKzU29,2019-12-16 00:00:00,1
964,nbenoiqr,nbenoiqr@chronoengine.com,Nikoletta,Benoi,uLS4Xib6wSD,2019-11-08 00:00:00,1
965,rdwyrqs,rdwyrqs@hp.com,Rupert,Dwyr,YtXHW6EHPV0p,2019-06-02 00:00:00,0
966,rhadigateqt,rhadigateqt@state.tx.us,Ruddie,Hadigate,tnAyeKZgZ1GC,2020-04-28 00:00:00,1
967,kgatecliffqu,kgatecliffqu@soundcloud.com,Kellina,Gatecliff,Yg56HIZGsUil,2019-07-02 00:00:00,1
968,thawthorneqv,thawthorneqv@sogou.com,Tonnie,Hawthorne,lV4GAaroaUt9,2020-03-17 00:00:00,1
969,weliazqw,weliazqw@washingtonpost.com,Wilie,Eliaz,QPWAgyzG2,2020-01-14 00:00:00,0
970,fkerleyqx,fkerleyqx@howstuffworks.com,Frederique,Kerley,t7hs3EY,2019-08-05 00:00:00,1
971,ashatfordqy,ashatfordqy@yahoo.co.jp,Alvie,Shatford,VKuNvWcgVKhN,2020-02-14 00:00:00,1
972,cholttomqz,cholttomqz@squidoo.com,Cyrill,Holttom,vxOPCNOQd,2019-10-16 00:00:00,1
973,ccuttellr0,ccuttellr0@cnbc.com,Coralie,Cuttell,h0IUuQNSS,2019-09-25 00:00:00,1
974,pzavittierir1,pzavittierir1@live.com,Phaedra,Zavittieri,gB5amGU,2019-12-18 00:00:00,1
975,wmcallasterr2,wmcallasterr2@mozilla.com,Wilma,McAllaster,9YXDUAr,2020-02-02 00:00:00,0
976,gbonifacer3,gpierrepointr3@desdev.cn,Gertruda,NULL,z0ZKBbo8WT,2020-03-08 00:00:00,1
977,dlouisotr4,dlouisotr4@epa.gov,Dennis,Louisot,EZmQBY7T3Ms9,2020-01-01 00:00:00,1
978,emerweder5,eansterr5@xinhuanet.com,Erskine,NULL,HSiuYOPhlqUH,2019-06-04 00:00:00,0
979,egruszczakr6,egruszczakr6@desdev.cn,Elwood,Gruszczak,rxDAxCWJzNu,2019-05-30 00:00:00,1
980,hallertonr7,hallertonr7@skyrock.com,Hunfredo,Allerton,wPGQnE4,2020-03-27 00:00:00,1
981,lmcfallr8,hmcfallr8@weather.com,NULL,McFall,lTqiDy0f,2019-08-23 00:00:00,1
982,lbusenr9,lbusenr9@amazon.de,Louie,Busen,gZdL7eJdMT,2019-05-15 00:00:00,1
983,ehadnyra,ehadnyra@a8.net,Emyle,Hadny,XtrPz2QYcHtq,2019-05-20 00:00:00,1
984,tbailrb,tbailrb@aboutads.info,Thorstein,Bail,URfVdM6sA,2019-11-22 00:00:00,0
985,carmsteadrc,carmsteadrc@wordpress.org,Chery,Armstead,gDv2VRK6,2020-03-05 00:00:00,1
986,fmarvelleyrd,fmarvelleyrd@toplist.cz,Forester,Marvelley,3dUzV3USYjJX,2019-12-01 00:00:00,1
987,thuzzeyre,thuzzeyre@ucla.edu,Trumaine,Huzzey,UDuLF5P09j,2019-12-06 00:00:00,1
988,cbarbararf,cbarbararf@reddit.com,Clementia,Barbara,AWlijXk41yK,2019-09-30 00:00:00,1
989,hhuorticrg,hlevirg@fema.gov,Haley,NULL,MuoPzF,2019-09-29 00:00:00,1
990,dpendergastrh,dpendergastrh@nba.com,Dael,Pendergast,lo57EQyqrT,2019-09-19 00:00:00,1
991,dscampri,dcharlesworthri@nba.com,Donal,NULL,DBvuHX62vz,2019-12-17 00:00:00,0
992,psavaryrj,psavaryrj@jalbum.net,Papagena,Savary,rxIyjPJd,2020-03-23 00:00:00,1
993,mvennrk,msaketrk@issuu.com,Mylo,NULL,KVvj85RIPI,2019-08-19 00:00:00,1
994,dclemmensrl,dclemmensrl@dell.com,Dena,Clemmens,5fEe6P4,2020-04-20 00:00:00,1
995,lfennelowrm,lfennelowrm@surveymonkey.com,Lindie,Fennelow,9L4UmhvZAVb,2020-02-22 00:00:00,0
996,sduplainrn,sbarrouxrn@youtu.be,Sandor,NULL,zJTikh2FHXNf,2020-01-08 00:00:00,0
997,aatwellro,aatwellro@yale.edu,Anne,Atwell,BLxJmRRRnWw3,2019-06-20 00:00:00,1
998,swyvillrp,swyvillrp@meetup.com,Sybyl,Wyvill,nXyi4gjl908,2020-01-07 00:00:00,1
999,kminorsrq,kminorsrq@google.fr,Kalvin,Minors,e1jVmO4,2019-09-03 00:00:00,1
1000,mbreawoodrr,mbreawoodrr@va.gov,NULL,Breawood,Vt92R9410T7D,2019-09-11 00:00:00,1
